"","source_id","source_url","source_title","eissn","issn_print","is_diamond","jjps_status","country"
"1",1537,"https://www.ajol.info/index.php/mjpps","Mediterranean Journal of Pharmacy and Pharmaceutical Sciences","2789-1895","2958-3101",1,"New Title","Libya"
"2",1001,"https://www.ajol.info/index.php/abraka","Abraka Humanities Review","2795-3726","0795-1639",1,"1 Star","Nigeria"
"3",1210,"https://www.ajol.info/index.php/abuadjerd","ABUAD Journal of Engineering Research and Development","2645-2685","2756-6811",1,"2 Stars","Nigeria"
"4",1002,"https://www.ajol.info/index.php/ajec","Abyssinia Journal of Engineering and Computing","2788-6247","2788-6239",1,"1 Star","Ethiopia"
"5",1211,"https://www.ajol.info/index.php/abjst","Abyssinia Journal of Science and Technology","2616-4728","2616-471X",1,"2 Stars","Ethiopia"
"6",1559,"https://www.ajol.info/index.php/ajse","Academy Journal of Science and Engineering","2734-3898","0795-2384",1,"No Stars","Nigeria"
"7",1212,"https://www.ajol.info/index.php/actas","Acta Structilia","2415-0487","1023-0564",1,"2 Stars","South Africa"
"8",1213,"https://www.ajol.info/index.php/actat","Acta Theologica","2309-9089","1015-8758",1,"2 Stars","South Africa"
"9",1214,"https://www.ajol.info/index.php/arebusj","Advanced Research In Economics and Business Strategy Journal","2773-3807","2716-9421",1,"2 Stars","Algeria"
"10",1215,"https://www.ajol.info/index.php/ace","Advances in Computing and Engineering","2735-5985","2735-5977",1,"2 Stars","Egypt, Arab Rep."
"11",1216,"https://www.ajol.info/index.php/ampdr","Advances in Medical, Pharmaceutical and Dental Research","2812-4898","2812-488X",1,"2 Stars","Egypt, Arab Rep."
"12",1560,"https://www.ajol.info/index.php/ad","Africa Development","0850-3907",NA,1,"No Stars","Senegal"
"13",1562,"https://www.ajol.info/index.php/asan","Africa Sanguine",NA,"1560-8646",1,"No Stars","South Africa"
"14",1563,"https://www.ajol.info/index.php/aa","African Anthropologist","1024-0969",NA,1,"No Stars","Cameroon"
"15",1003,"https://www.ajol.info/index.php/acsj","African Crop Science Journal","2072-6589","1021-9730",1,"1 Star","Uganda"
"16",1217,"https://www.ajol.info/index.php/ahs","African Health Sciences","1729-0503","1680-6905",1,"2 Stars","Uganda"
"17",1538,"https://www.ajol.info/index.php/ahmr","African Human Mobility Review","2410-7972","2411-6955",1,"New Title","South Africa"
"18",1220,"https://www.ajol.info/index.php/ajada","African Journal of Alcohol and Drug Abuse","2664-0066","2664-0058",1,"2 Stars","Kenya"
"19",1221,"https://www.ajol.info/index.php/ajapres","African Journal of Applied Research","2408-7920",NA,1,"2 Stars","Ghana"
"20",1353,"https://www.ajol.info/index.php/ajazeb","African Journal of Applied Zoology and Environmental Biology","1119-023X",NA,1,"Inactive Title","Nigeria"
"21",1567,"https://www.ajol.info/index.php/ajb","African Journal of Biotechnology","1684-5315",NA,1,"No Stars","Kenya"
"22",1568,"https://www.ajol.info/index.php/ajce","African Journal of Chemical Education","2227-5835",NA,1,"No Stars","Ethiopia"
"23",1222,"https://www.ajol.info/index.php/ajcem","African Journal of Clinical and Experimental Microbiology","1595-689X",NA,1,"2 Stars","Nigeria"
"24",1007,"https://www.ajol.info/index.php/ajer","African Journal of Economic Review","2453-5966","1821-8148",1,"1 Star","Tanzania"
"25",1008,"https://www.ajol.info/index.php/ajedscitech","African Journal of Education, Science and Technology",NA,"2309-9240",1,"1 Star","Kenya"
"26",1700,"https://www.ajol.info/index.php/ajesms","African Journal of Educational Studies in Mathematics and Sciences","2508-1128","0855-501X",1,"Pending","Ghana"
"27",1010,"https://www.ajol.info/index.php/ajempr","African Journal of Empirical Research","2709-2607",NA,1,"1 Star","Kenya"
"28",1223,"https://www.ajol.info/index.php/ajfand","African Journal of Food, Agriculture, Nutrition and Development","1684-5374","1684-5358",1,"2 Stars","Kenya"
"29",1012,"https://www.ajol.info/index.php/ajgh","African Journal of Gastroenterology and Hepatology","2735-5497","2735-5489",1,"1 Star","Egypt, Arab Rep."
"30",1570,"https://www.ajol.info/index.php/ajhe","African Journal of Health Economics",NA,"2006-4802",1,"No Stars","Nigeria"
"31",1224,"https://www.ajol.info/index.php/ajhpe","African Journal of Health Professions Education",NA,NA,1,"2 Stars","South Africa"
"32",1571,"https://www.ajol.info/index.php/ajhs","African Journal of Health Sciences","1022-9272",NA,1,"No Stars","Kenya"
"33",1013,"https://www.ajol.info/index.php/ajid","African Journal of Infectious Diseases","2006-0165",NA,1,"1 Star","Nigeria"
"34",1360,"https://www.ajol.info/index.php/ajia","African Journal of International Affairs","0850-7902",NA,1,"Inactive Title","Senegal"
"35",1014,"https://www.ajol.info/index.php/ajlhts","African Journal of Laboratory Haematology and Transfusion Science","2814-0605","2814-0591",1,"1 Star","Nigeria"
"36",1225,"https://www.ajol.info/index.php/ajmr","African Journal of Management Research","2458-7435","2343-6689",1,"2 Stars","Ghana"
"37",1573,"https://www.ajol.info/index.php/ajns","African Journal of Neurological Sciences","1015-8618","1992-2647",1,"No Stars","Côte d'Ivoire"
"38",1701,"https://www.ajol.info/index.php/ajoh","African Journal of Oral Health","0189-5710",NA,1,"Pending","Nigeria"
"39",1574,"https://www.ajol.info/index.php/ajprs","African Journal of Physiotherapy and Rehabilitation Sciences","2141-8322",NA,1,"No Stars","Nigeria"
"40",1576,"https://www.ajol.info/index.php/ajpas","African Journal of Politics and Administrative Studies","2787-0359","2787-0367",1,"No Stars","Nigeria"
"41",1364,"https://www.ajol.info/index.php/ajpsy","African Journal of Psychiatry","1994-8220",NA,1,"Inactive Title","South Africa"
"42",1019,"https://www.ajol.info/index.php/ajrh","African Journal of Reproductive Health","1118-4841",NA,1,"1 Star","Nigeria"
"43",1365,"https://www.ajol.info/index.php/ajst","African Journal of Science and Technology","1607-9949",NA,1,"Inactive Title","Kenya"
"44",1226,"https://www.ajol.info/index.php/ajosi","African Journal of Social Issues","2734-3324","2672-5142",1,"2 Stars","Nigeria"
"45",1227,"https://www.ajol.info/index.php/ajsw","African Journal of Social Work","2409-5605","1563-3934",1,"2 Stars","Zimbabwe"
"46",1228,"https://www.ajol.info/index.php/ajtccm","African Journal of Thoracic and Critical Care Medicine","2617-0205",NA,1,"2 Stars","South Africa"
"47",1022,"https://www.ajol.info/index.php/ajtcam","African Journal of Traditional, Complementary and Alternative Medicines","0189-6016",NA,1,"1 Star","Nigeria"
"48",1539,"https://www.ajol.info/index.php/ajter","African Journal of Tropical Entomology Research","2791-0113",NA,1,"New Title","Congo, Democratic Republic"
"49",1023,"https://www.ajol.info/index.php/aju","African Journal of Urology","1110-5704",NA,1,"1 Star","Egypt, Arab Rep."
"50",1024,"https://www.ajol.info/index.php/ajcr","African Journal on Conflict Resolution","1562-6997",NA,1,"1 Star","South Africa"
"51",1025,"https://www.ajol.info/index.php/amo","African Musicology Online","1994-7712",NA,1,"1 Star","Kenya"
"52",1026,"https://www.ajol.info/index.php/afrrev","African Research Review","2070-0083","1994-9057",1,"1 Star","Ethiopia"
"53",1028,"https://www.ajol.info/index.php/asp","African Safety Promotion: A Journal of Injury and Violence Prevention","1728-774X",NA,1,"1 Star","South Africa"
"54",1540,"https://www.ajol.info/index.php/asshj","African Social Science and Humanities Journal","2709-1317","2709-1309",1,"New Title","South Africa"
"55",1578,"https://www.ajol.info/index.php/asr","African Sociological Review / Revue Africaine de Sociologie","1027-4332",NA,1,"No Stars","Senegal"
"56",1029,"https://www.ajol.info/index.php/afst","Afrika Statistika",NA,"2316-090X",1,"1 Star","Senegal"
"57",1579,"https://www.ajol.info/index.php/afrij","Afrimedic Journal",NA,"2141-162X",1,"No Stars","Nigeria"
"58",1030,"https://www.ajol.info/index.php/afsci","Afrique Science: Revue Internationale des Sciences et Technologie","1813-548X",NA,1,"1 Star","Côte d'Ivoire"
"59",1580,"https://www.ajol.info/index.php/ijah","AFRREV IJAH: An International Journal of Arts and Humanities","2227-5452","2225-8590",1,"No Stars","Ethiopia"
"60",1581,"https://www.ajol.info/index.php/laligens","AFRREV LALIGENS: An International Journal of Language, Literature and Gender Studies","2227-5460","2225-8604",1,"No Stars","Ethiopia"
"61",1582,"https://www.ajol.info/index.php/stech","AFRREV STECH: An International Journal of Science and Technology","2227-5444","2225-8612",1,"No Stars","Ethiopia"
"62",1583,"https://www.ajol.info/index.php/afsjg","Agricultural and Food Science Journal of Ghana","2821-9023","0855-5591",1,"No Stars","Ghana"
"63",1584,"https://www.ajol.info/index.php/as","Agro-Science","1119-7455",NA,1,"No Stars","Nigeria"
"64",1702,"https://www.ajol.info/index.php/aga","Agronomie Africaine","1015-2288",NA,1,"Pending","Côte d'Ivoire"
"65",1032,"https://www.ajol.info/index.php/agrosh","Agrosearch","1117-9996",NA,1,"1 Star","Nigeria"
"66",1033,"https://www.ajol.info/index.php/bafm","Alexandria Journal of Medicine","2090-2948","1110-0834",1,"1 Star","Egypt, Arab Rep."
"67",1034,"https://www.ajol.info/index.php/aljb","Algerian Journal of Biosciences","2716-9375","2773-2916",1,"1 Star","Algeria"
"68",1541,"https://www.ajol.info/index.php/aljchemeng","Algerian Journal of Chemical Engineering","2773-3068",NA,1,"New Title","Algeria"
"69",1585,"https://www.ajol.info/index.php/ajet","Algerian Journal of Engineering and Technology","2716-9278","2716-9227",1,"No Stars","Algeria"
"70",1231,"https://www.ajol.info/index.php/algjhs","Algerian Journal of Health Sciences","2716-9464","2710-8082",1,"2 Stars","Algeria"
"71",1232,"https://www.ajol.info/index.php/ajmas","AlQalam Journal of Medical and Applied Sciences","2707-7179",NA,1,"2 Stars","Libya"
"72",1035,"https://www.ajol.info/index.php/altrur","Alternatives Rurales: Revue scientifique et de réflexion sur le développement agricole et rural","2421-9037","1638-2714",1,"1 Star","Morocco"
"73",1233,"https://www.ajol.info/index.php/altralang","ALTRALANG Journal","2710-8619","2710-7922",1,"2 Stars","Algeria"
"74",1036,"https://www.ajol.info/index.php/aja","Anatomy Journal of Africa","2305-9478","2226-6054",1,"1 Star","Kenya"
"75",1542,"https://www.ajol.info/index.php/aujst","Anchor University Journal of Science and Technology","2736-0067","2736-0059",1,"New Title","Nigeria"
"76",1586,"https://www.ajol.info/index.php/ari","Animal Research International","1597-3115",NA,1,"No Stars","Nigeria"
"77",1587,"https://www.ajol.info/index.php/aamed","Annales Africaines de Medecine","2313-3589","2309-5784",1,"No Stars","Congo, Democratic Republic"
"78",1369,"https://www.ajol.info/index.php/aam","Annals of African Medicine","1596-3519",NA,1,"Inactive Title","Nigeria"
"79",1234,"https://www.ajol.info/index.php/aas","Annals of African Surgery","2523-0816","1999-9674",1,"2 Stars","Kenya"
"80",1235,"https://www.ajol.info/index.php/ahr","Annals of Health Research","2536-6149","2476-8642",1,"2 Stars","Nigeria"
"81",1038,"https://www.ajol.info/index.php/aipm","Annals of Ibadan Postgraduate Medicine","1597-1627",NA,1,"1 Star","Nigeria"
"82",1039,"https://www.ajol.info/index.php/amhsr","Annals of Medical and Health Sciences Research",NA,"2141-9248",1,"1 Star","Nigeria"
"83",1543,"https://www.ajol.info/index.php/anmrp","Annals of Medical Research and Practice","2782-7631","2672-4715",1,"New Title","Nigeria"
"84",1040,"https://www.ajol.info/index.php/ambr","Archives of Medical and Biomedical Research","1694-2078","1694-2086",1,"1 Star","Mauritius"
"85",1236,"https://www.ajol.info/index.php/azojete","Arid Zone Journal of Engineering, Technology and Environment","2545-5818","1596-2644",1,"2 Stars","Nigeria"
"86",1544,"https://www.ajol.info/index.php/ajct","Arụmarụka: Journal of Conversational Thinking","2788-7928",NA,1,"New Title","Nigeria"
"87",1589,"https://www.ajol.info/index.php/atbu","ATBU Journal of Environmental Technology",NA,"1596-6305",1,"No Stars","Nigeria"
"88",1041,"https://www.ajol.info/index.php/bumj","Babcock University Medical Journal","2756-4657","2465-6666",1,"1 Star","Nigeria"
"89",1042,"https://www.ajol.info/index.php/bdje","Bahir Dar Journal of Education","2415-0452","1816-336X",1,"1 Star","Ethiopia"
"90",1591,"https://www.ajol.info/index.php/bajoges","Bakolori Journal of General Studies","2630-6638","2630-6980",1,"No Stars","Nigeria"
"91",1237,"https://www.ajol.info/index.php/bjms","Batna Journal of Medical Sciences","2437-0665",NA,1,"2 Stars","Algeria"
"92",1043,"https://www.ajol.info/index.php/bajebap","Bayero Journal of Evidence-Based Physiotherapy","2489-0251",NA,1,"1 Star","Nigeria"
"93",1238,"https://www.ajol.info/index.php/bjmls","Bayero Journal of Medical Laboratory Science","2635-3792","2545-5672",1,"2 Stars","Nigeria"
"94",1044,"https://www.ajol.info/index.php/bjnhc","Bayero Journal of Nursing and Health Care","2756-6501","2659-1464",1,"1 Star","Nigeria"
"95",1239,"https://www.ajol.info/index.php/br","Bio-Research","2705-3822","1596-7409",1,"2 Stars","Nigeria"
"96",1375,"https://www.ajol.info/index.php/biokem","Biokemistri","0795-8080",NA,1,"Inactive Title","Nigeria"
"97",1045,"https://www.ajol.info/index.php/bestj","Biological and Environmental Sciences Journal for the Tropics","2645-3142","0794-9057",1,"1 Star","Nigeria"
"98",1737,"https://www.ajol.info/index.php/BNRER","BNR Economic Review","2706-8587","2410-678X",1,NA,"Rwanda"
"99",1593,"https://www.ajol.info/index.php/bomj","Borno Medical Journal","2437-1734","0189-9422",1,"No Stars","Nigeria"
"100",1240,"https://www.ajol.info/index.php/bcse","Bulletin of the Chemical Society of Ethiopia","1726-801X","1011-3924",1,"2 Stars","Ethiopia"
"101",1046,"https://www.ajol.info/index.php/bej","Business Education Journal","2665-0681","2546-2180",1,"1 Star","Tanzania"
"102",1241,"https://www.ajol.info/index.php/cajost","Caliphate Journal of Science and Technology","2705-3121","2705-313X",1,"2 Stars","Nigeria"
"103",1047,"https://www.ajol.info/index.php/csj","ChemSearch Journal","2384-6208","2276-707X",1,"1 Star","Nigeria"
"104",1380,"https://www.ajol.info/index.php/cmch","Clinics in Mother and Child Health","2090-7214","1812-5840",1,"Inactive Title","Cameroon"
"105",1242,"https://www.ajol.info/index.php/conspectus","Conspectus","1996-8167",NA,1,"2 Stars","South Africa"
"106",1382,"https://www.ajol.info/index.php/cme","Continuing Medical Education","2078-5143","0256-2170",1,"Inactive Title","South Africa"
"107",1243,"https://www.ajol.info/index.php/ajessr","Cradle of Knowledge: African Journal of Educational and Social Science Research (The)","2617-7315","2304-2885",1,"2 Stars","Kenya"
"108",1048,"https://www.ajol.info/index.php/cajtms","Creative Artist: A Journal of Theatre and Media Studies",NA,"2006-6910",1,"1 Star","Nigeria"
"109",1244,"https://www.ajol.info/index.php/cristal","Critical Studies in Teaching and Learning","2310-7103",NA,1,"2 Stars","South Africa"
"110",1245,"https://www.ajol.info/index.php/dirhisp","Dirāsāt Hispānicas: Revista Tunecina de Estudios Hispánicos","2286-5977",NA,1,"2 Stars","Tunisia"
"111",1736,"https://www.ajol.info/index.php/dujopas","Dutse Journal of Pure and Applied Sciences","2635-3490","2476-8316",1,NA,"Nigeria"
"112",1247,"https://www.ajol.info/index.php/easci","East Africa Science","2664-1003","2664-0996",1,"2 Stars","Burundi"
"113",1248,"https://www.ajol.info/index.php/eahrj","East African Health Research Journal","2520-5285","2520-5277",1,"2 Stars","Tanzania"
"114",1597,"https://www.ajol.info/index.php/eajahme","East African Journal of Applied Health Monitoring and Evaluation","2953-2663","2591-6769",1,"No Stars","Tanzania"
"115",1249,"https://www.ajol.info/index.php/eajbcs","East African Journal of Biophysical and Computational Sciences","2789-3618","2789-360X",1,"2 Stars","Ethiopia"
"116",1050,"https://www.ajol.info/index.php/eajess","East African Journal of Education and Social Sciences","2714-2132","2714-2183",1,"1 Star","Tanzania"
"117",1051,"https://www.ajol.info/index.php/eajmbs","East African Journal of Management and Business Studies","2799-2276",NA,1,"1 Star","Tanzania"
"118",1598,"https://www.ajol.info/index.php/eajsci","East African Journal of Sciences","1992-0407",NA,1,"No Stars","Ethiopia"
"119",1053,"https://www.ajol.info/index.php/ecajps","East and Central African Journal of Pharmaceutical Sciences","1026-552X",NA,1,"1 Star","Kenya"
"120",1600,"https://www.ajol.info/index.php/ecajs","East and Central African Journal of Surgery","2073-9990",NA,1,"No Stars","Uganda"
"121",1545,"https://www.ajol.info/index.php/eajhss","Eastern African Journal of Humanities and Social Sciences","2958-4558",NA,1,"New Title","Kenya"
"122",1054,"https://www.ajol.info/index.php/echanges","ÉCHANGES, Revue de Philosophie, litterature et Sciences humaines",NA,"2310-3329",1,"1 Star","Togo"
"123",1706,"https://www.ajol.info/index.php/epr","Economic and Policy Review",NA,NA,1,"Pending","Nigeria"
"124",1395,"https://www.ajol.info/index.php/ejb","Egyptian Journal of Biology","1110-6859",NA,1,"Inactive Title","Egypt, Arab Rep."
"125",1250,"https://www.ajol.info/index.php/ejhm","Egyptian Journal of Hospital Medicine","2090-7125","1687-2002",1,"2 Stars","Egypt, Arab Rep."
"126",1055,"https://www.ajol.info/index.php/ejhg","Egyptian Journal of Medical Human Genetics","1110-8630",NA,1,"1 Star","Egypt, Arab Rep."
"127",1399,"https://www.ajol.info/index.php/ejnh","Egyptian Journal of Natural History","1110-6867",NA,1,"Inactive Title","Egypt, Arab Rep."
"128",1056,"https://www.ajol.info/index.php/ejpai","Egyptian Journal of Pediatric Allergy and Immunology (The)","2314-8934","1687-1642",1,"1 Star","Egypt, Arab Rep."
"129",1603,"https://www.ajol.info/index.php/ejotmas","EJOTMAS: Ekpoma Journal of Theatre and Media Arts","2449-1179","2006-1838",1,"No Stars","Nigeria"
"130",1058,"https://www.ajol.info/index.php/etsj","Environmental Technology and Science Journal","2705-3636","2006-0459",1,"1 Star","Nigeria"
"131",1251,"https://www.ajol.info/index.php/equijost","Equity Journal of Science and Technology","2682-5961","2354-1814",1,"2 Stars","Nigeria"
"132",1605,"https://www.ajol.info/index.php/ejas","Ethiopian Journal of Agricultural Sciences","2415-2382","0257-2605",1,"No Stars","Ethiopia"
"133",1400,"https://www.ajol.info/index.php/ejbe","Ethiopian Journal of Business and Economics (The)","2410-2393","2311-9772",1,"Inactive Title","Ethiopia"
"134",1606,"https://www.ajol.info/index.php/ejcs","Ethiopian Journal of Crop Science",NA,"2072-8506",1,"No Stars","Ethiopia"
"135",1402,"https://www.ajol.info/index.php/eje","Ethiopian Journal of Economics","1993-3681",NA,1,"Inactive Title","Ethiopia"
"136",1062,"https://www.ajol.info/index.php/ejed","Ethiopian Journal of Education","2523-0980","0425-4414",1,"1 Star","Ethiopia"
"137",1607,"https://www.ajol.info/index.php/ejesc","Ethiopian Journal of Education and Sciences",NA,"1998-8907",1,"No Stars","Ethiopia"
"138",1063,"https://www.ajol.info/index.php/ejesm","Ethiopian Journal of Environmental Studies and Management","1998-0507",NA,1,"1 Star","Ethiopia"
"139",1064,"https://www.ajol.info/index.php/ejhd","Ethiopian Journal of Health Development","1021-6790",NA,1,"1 Star","Ethiopia"
"140",1252,"https://www.ajol.info/index.php/ejhs","Ethiopian Journal of Health Sciences","2413-7170","1029-1857",1,"2 Stars","Ethiopia"
"141",1608,"https://www.ajol.info/index.php/ejhr","Ethiopian Journal of Human Rights",NA,"2307-6097",1,"No Stars","Ethiopia"
"142",1253,"https://www.ajol.info/index.php/ejncs","Ethiopian Journal of Natural and Computational Sciences","2710-0219","2710-0200",1,"2 Stars","Ethiopia"
"143",1735,"https://www.ajol.info/index.php/ejpch","Ethiopian Journal of Pediatrics and Child Health","2519-0334","2413-2640",1,NA,"Ethiopia"
"144",1254,"https://www.ajol.info/index.php/ejrh","Ethiopian Journal of Reproductive Health","2520-0283","2520-0275",1,"2 Stars","Ethiopia"
"145",1065,"https://www.ajol.info/index.php/ejssd","Ethiopian Journal of Science and Sustainable Development","2663-3205","1998-0531",1,"1 Star","Ethiopia"
"146",1255,"https://www.ajol.info/index.php/ejst","Ethiopian Journal of Science and Technology","2312-6019","1816-3378",1,"2 Stars","Ethiopia"
"147",1066,"https://www.ajol.info/index.php/ejss","Ethiopian Journal of Social Sciences",NA,"2518-4563",1,"1 Star","Ethiopia"
"148",1609,"https://www.ajol.info/index.php/ejossah","Ethiopian Journal of the Social Sciences and Humanities","2520-582X","1810-4487",1,"No Stars","Ethiopia"
"149",1256,"https://www.ajol.info/index.php/emj","Ethiopian Medical Journal","2415-2420","0014-1755",1,"2 Stars","Ethiopia"
"150",1257,"https://www.ajol.info/index.php/erjssh","Ethiopian Renaissance Journal of Social Sciences and Humanities","2409-6385","2409-6377",1,"2 Stars","Ethiopia"
"151",1610,"https://www.ajol.info/index.php/evj","Ethiopian Veterinary Journal","2221-5034","1683-6324",1,"No Stars","Ethiopia"
"152",1068,"https://www.ajol.info/index.php/ebnr","Evidence-Based Nursing Research","2636-400X","2636-3992",1,"1 Star","Egypt, Arab Rep."
"153",1069,"https://www.ajol.info/index.php/fepijopas","Federal Polytechnic Ilaro Journal of Pure and Applied Sciences","2714-2531",NA,1,"1 Star","Nigeria"
"154",1258,"https://www.ajol.info/index.php/fa","Feminist Africa","1726-4596",NA,1,"2 Stars","Ghana"
"155",1260,"https://www.ajol.info/index.php/fuoyejet","FUOYE Journal of Engineering and Technology","2579-0617","2579-0625",1,"2 Stars","Nigeria"
"156",1071,"https://www.ajol.info/index.php/gjas","Ghana Journal of Agricultural Science","0855-0042",NA,1,"1 Star","Ghana"
"157",1262,"https://www.ajol.info/index.php/gjg","Ghana Journal of Geography","2821-8892","0855-9414",1,"2 Stars","Ghana"
"158",1263,"https://www.ajol.info/index.php/gjl","Ghana Journal of Linguistics","2026-6596",NA,1,"2 Stars","Ghana"
"159",1072,"https://www.ajol.info/index.php/gjrt","Ghana Journal of Religion and Theology","2616-1591","0855-7942",1,"1 Star","Ghana"
"160",1073,"https://www.ajol.info/index.php/gjs","Ghana Journal of Science","0855-1448","0016-9544",1,"1 Star","Ghana"
"161",1613,"https://www.ajol.info/index.php/gjstd","Ghana Journal of Science, Technology and Development","2343-6727",NA,1,"No Stars","Ghana"
"162",1074,"https://www.ajol.info/index.php/glj","Ghana Library Journal","0855-3033",NA,1,"1 Star","Ghana"
"163",1075,"https://www.ajol.info/index.php/gmj","Ghana Medical Journal",NA,"0016-9560",1,"1 Star","Ghana"
"164",1614,"https://www.ajol.info/index.php/gm","Ghana Mining Journal","0855-210X",NA,1,"No Stars","Ghana"
"165",1076,"https://www.ajol.info/index.php/gjansci","Ghanaian Journal of Animal Science",NA,"0855-7349",1,"1 Star","Ghana"
"166",1077,"https://www.ajol.info/index.php/gjass","Global Journal of Agricultural Sciences","2992-4499","1596-2903",1,"1 Star","Nigeria"
"167",1078,"https://www.ajol.info/index.php/gjedr","Global Journal of Educational Research","2992-4480","1596-6224",1,"1 Star","Nigeria"
"168",1615,"https://www.ajol.info/index.php/gjer","Global Journal of Engineering Research","1596-292X",NA,1,"No Stars","Nigeria"
"169",1406,"https://www.ajol.info/index.php/gjes","Global Journal of Environmental Sciences","1596-6194",NA,1,"Inactive Title","Nigeria"
"170",1079,"https://www.ajol.info/index.php/gjgs","Global Journal of Geological Sciences","2992-4502","1596-6798",1,"1 Star","Nigeria"
"171",1407,"https://www.ajol.info/index.php/gjh","Global Journal of Humanities","1596-6232",NA,1,"Inactive Title","Nigeria"
"172",1408,"https://www.ajol.info/index.php/gjmas","Global Journal of Mathematical Sciences","1596-6208",NA,1,"Inactive Title","Nigeria"
"173",1409,"https://www.ajol.info/index.php/gjms","Global Journal of Medical Sciences","1596-2911",NA,1,"Inactive Title","Nigeria"
"174",1080,"https://www.ajol.info/index.php/gjpas","Global Journal of Pure and Applied Sciences","2992-4464","1118-0579",1,"1 Star","Nigeria"
"175",1081,"https://www.ajol.info/index.php/gjss","Global Journal of Social Sciences","2992-4472","1596-6216",1,"1 Star","Nigeria"
"176",1082,"https://www.ajol.info/index.php/gijmss","Gusau International Journal of Management and Social Sciences",NA,NA,1,"1 Star","Nigeria"
"177",1616,"https://www.ajol.info/index.php/hpjsmt","HAFED POLY Journal of Science, Management and Technology","2811-2598","1597-7463",1,"No Stars","Nigeria"
"178",1546,"https://www.ajol.info/index.php/hjhr","Haki Journal of Human Rights","2789-9845","2789-9837",1,"New Title","Kenya"
"179",1083,"https://www.ajol.info/index.php/hlr","Haramaya Law Review","2305-3739","2227-2178",1,"1 Star","Ethiopia"
"180",1084,"https://www.ajol.info/index.php/hsa","Health SA Gesondheid","2071-9736","1025-9848",1,"1 Star","South Africa"
"181",1264,"https://www.ajol.info/index.php/hsij","Health Sciences Investigations Journal","2704-4890","2720-7609",1,"2 Stars","Ghana"
"182",1617,"https://www.ajol.info/index.php/hmrj","Highland Medical Research Journal","1596-2407",NA,1,"No Stars","Nigeria"
"183",1085,"https://www.ajol.info/index.php/hajbe","Horn of Africa Journal of Business and Economics","2617-0086","2617-0078",1,"1 Star","Ethiopia"
"184",1086,"https://www.ajol.info/index.php/hts","HTS Teologiese Studies / Theological Studies","2072-8050","0259-9422",1,"1 Star","South Africa"
"185",1618,"https://www.ajol.info/index.php/huria","Huria: Journal of the Open University of Tanzania","0856-6739",NA,1,"No Stars","Tanzania"
"186",1266,"https://www.ajol.info/index.php/ibom","Ibom Medical Journal","2735-9964","1597-7188",1,"2 Stars","Nigeria"
"187",1620,"https://www.ajol.info/index.php/ijs","Ife Journal of Science","3026-8583","0794-4896",1,"No Stars","Nigeria"
"188",1547,"https://www.ajol.info/index.php/iuojops","Igbinedion University Okada Journal of Pharmaceutical Sciences","2992-5746","2992-5339",1,"New Title","Nigeria"
"189",1708,"https://www.ajol.info/index.php/ijrs","Ilorin Journal of Religious Studies",NA,"2141-7040",1,"Pending","Nigeria"
"190",1088,"https://www.ajol.info/index.php/ipjp","Indo-Pacific Journal of Phenomenology","1445-7377","2079-7222",1,"1 Star","South Africa"
"191",1267,"https://www.ajol.info/index.php/iijikm","Information Impact: Journal of Information and Knowledge Management","2360-994X","2141-4297",1,"2 Stars","Nigeria"
"192",1412,"https://www.ajol.info/index.php/tim","Information Manager (The)","1596-5422",NA,1,"Inactive Title","Nigeria"
"193",1090,"https://www.ajol.info/index.php/ijhss","Inkanyiso: Journal of Humanities and Social Sciences","2077-8317","2077-2815",1,"1 Star","South Africa"
"194",1092,"https://www.ajol.info/index.php/idrj","International Diplomatic Review Journal","2773-658X",NA,1,"1 Star","Tanzania"
"195",1268,"https://www.ajol.info/index.php/ijahe","International Journal of African Higher Education","2313-5069",NA,1,"2 Stars","South Africa"
"196",1415,"https://www.ajol.info/index.php/ijaaar","International Journal of Applied Agriculture and Apiculture Research",NA,"0331-5428",1,"Inactive Title","Nigeria"
"197",1623,"https://www.ajol.info/index.php/ijbair","International Journal of Basic, Applied and Innovative Research","2384-681X","2315-5388",1,"No Stars","Nigeria"
"198",1093,"https://www.ajol.info/index.php/ijbcs","International Journal of Biological and Chemical Sciences","1997-342X","1991-8631",1,"1 Star","Cameroon"
"199",1416,"https://www.ajol.info/index.php/ijcr","International Journal of Community Research","2384-6828","2315-6562",1,"Inactive Title","Nigeria"
"200",1094,"https://www.ajol.info/index.php/ijcrh","International Journal of Current Research in the Humanities","2773-837X",NA,1,"1 Star","Ghana"
"201",1624,"https://www.ajol.info/index.php/ijdmr","International Journal of Development and Management Review","2734-3316","1597-9482",1,"No Stars","Nigeria"
"202",1625,"https://www.ajol.info/index.php/ijer","International Journal of Educational Research","1595-8485",NA,1,"No Stars","Nigeria"
"203",1626,"https://www.ajol.info/index.php/ijeca","International Journal of Energetica","2543-3717",NA,1,"No Stars","Algeria"
"204",1627,"https://www.ajol.info/index.php/ijest","International Journal of Engineering, Science and Technology","2141-2839","2141-2820",1,"No Stars","Nigeria"
"205",1419,"https://www.ajol.info/index.php/ijhr","International Journal of Health Research","1596-9819",NA,1,"Inactive Title","Nigeria"
"206",1420,"https://www.ajol.info/index.php/ijhpr","International Journal of Herbs and Pharmacological Research","2384-6836","2315-537X",1,"Inactive Title","Nigeria"
"207",1269,"https://www.ajol.info/index.php/ijhehar","International Journal of Home Economics, Hospitality and Allied Research","3027-1819","2971-5121",1,"2 Stars","Nigeria"
"208",1270,"https://www.ajol.info/index.php/ijmso","International Journal of Mathematical Sciences and Optimization: Theory and Applications","2814-0230",NA,1,"2 Stars","Nigeria"
"209",1422,"https://www.ajol.info/index.php/ijmbr","International Journal of Medicine and Biomedical Research","2315-5019","2277-0941",1,"Inactive Title","Nigeria"
"210",1271,"https://www.ajol.info/index.php/ijma","International Journal of Modern Anthropology","1737-8176","1737-7374",1,"2 Stars","Tunisia"
"211",1272,"https://www.ajol.info/index.php/ijowited","International Journal of Women in Technical Education and Employment","2734-3227",NA,1,"2 Stars","Nigeria"
"212",1097,"https://www.ajol.info/index.php/ijmu","Internet Journal of Medical Update - EJOURNAL","1694-0423",NA,1,"1 Star","Mauritius"
"213",1628,"https://www.ajol.info/index.php/imcp","Investigational Medicinal Chemistry and Pharmacology","2617-0027","2617-0019",1,"No Stars","Cameroon"
"214",1273,"https://www.ajol.info/index.php/jclfkt","Jarida la Chama cha Lugha na Fasihi ya Kiswahili Tanzania (CHALUFAKITA)","2591-7013","2665-0789",1,"2 Stars","Tanzania"
"215",1274,"https://www.ajol.info/index.php/jaim","Journal Africain d’Imagerie Médicale","2790-9840","1810-4959",1,"2 Stars","Cameroon"
"216",1275,"https://www.ajol.info/index.php/jfmo","Journal de la Faculté de Médecine d’Oran","2602-6511","2571-9874",1,"2 Stars","Algeria"
"217",1276,"https://www.ajol.info/index.php/jlt","Journal for Language Teaching","2958-9320","0259-9570",1,"2 Stars","South Africa"
"218",1099,"https://www.ajol.info/index.php/jsr","Journal for the Study of Religion","2413-3027","1011-7601",1,"1 Star","South Africa"
"219",1100,"https://www.ajol.info/index.php/jaf","Journal of Academic Finance","1923-2993",NA,1,"1 Star","Tunisia"
"220",1277,"https://www.ajol.info/index.php/jaaps","Journal of African Association of Physiological Sciences","2449-108X","2315-9987",1,"2 Stars","Nigeria"
"221",1278,"https://www.ajol.info/index.php/jae","Journal of Agricultural Extension","2408-6851","1119-944X",1,"2 Stars","Nigeria"
"222",1632,"https://www.ajol.info/index.php/jagrenv","Journal of Agriculture and Environment","2695-236X",NA,1,"No Stars","Nigeria"
"223",1279,"https://www.ajol.info/index.php/jaes","Journal of Agriculture and Environmental Sciences","2616-3721",NA,1,"2 Stars","Ethiopia"
"224",1280,"https://www.ajol.info/index.php/jafs","Journal of Agriculture and Food Sciences","1597-1074",NA,1,"2 Stars","Nigeria"
"225",1430,"https://www.ajol.info/index.php/jasr","Journal of Agriculture and Social Research (JASR)","1595-7470",NA,1,"Inactive Title","Nigeria"
"226",1633,"https://www.ajol.info/index.php/jagst","Journal of Agriculture, Science and Technology","1561-7645",NA,1,"No Stars","Kenya"
"227",1634,"https://www.ajol.info/index.php/jab","Journal of Applied Biosciences","1997-5902",NA,1,"No Stars","Kenya"
"228",1635,"https://www.ajol.info/index.php/jasem","Journal of Applied Sciences and Environmental Management","2659-1499","2659-1502",1,"No Stars","Nigeria"
"229",1102,"https://www.ajol.info/index.php/jb","Journal of Banking","2736-1772","1597-2569",1,"1 Star","Nigeria"
"230",1103,"https://www.ajol.info/index.php/jbcrs","Journal of Basic and Clinical Reproductive Sciences","2320-2041","2278-960X",1,"1 Star","Nigeria"
"231",1281,"https://www.ajol.info/index.php/jcmphc","Journal of Community Medicine and Primary Health Care","1115-4608","0794-7410",1,"2 Stars","Nigeria"
"232",1549,"https://www.ajol.info/index.php/jcsda","Journal of Computational Science and Data Analytics","2959-6912",NA,1,"New Title","Ethiopia"
"233",1105,"https://www.ajol.info/index.php/jfecs","Journal of Consumer Sciences","0378-5254",NA,1,"1 Star","South Africa"
"234",1638,"https://www.ajol.info/index.php/jdcs","Journal of Development and Communication Studies",NA,"2305-7432",1,"No Stars","Malawi"
"235",1106,"https://www.ajol.info/index.php/jdan","Journal of Dietitians Association of Nigeria","2635-3326","2141-8209",1,"1 Star","Nigeria"
"236",1107,"https://www.ajol.info/index.php/jemdsa","Journal of Endocrinology, Metabolism and Diabetes of South Africa","2220-1009","1608-9677",1,"1 Star","South Africa"
"237",1641,"https://www.ajol.info/index.php/jessd","Journal of Equity in Sciences and Sustainable Development","2523-1901",NA,1,"No Stars","Ethiopia"
"238",1442,"https://www.ajol.info/index.php/jeca","Journal of Experimental and Clinical Anatomy","1596-2393",NA,1,"Inactive Title","Nigeria"
"239",1282,"https://www.ajol.info/index.php/jfs","Journal of Food Stability","2663-1741","2664-5513",1,"2 Stars","Cameroon"
"240",1443,"https://www.ajol.info/index.php/jfta","Journal of Food Technology in Africa","1028-6098",NA,1,"Inactive Title","Kenya"
"241",1108,"https://www.ajol.info/index.php/jfas","Journal of Fundamental and Applied Sciences",NA,"1112-9867",1,"1 Star","Algeria"
"242",1109,"https://www.ajol.info/index.php/johasam","Journal of Health, Applied Sciences and Management","2756-5343",NA,1,"1 Star","Nigeria"
"243",1283,"https://www.ajol.info/index.php/jh","Journal of Humanities","2948-0094","1016-0728",1,"2 Stars","Malawi"
"244",1284,"https://www.ajol.info/index.php/jid","Journal of Internal Displacement","1920-5813","1920-5805",1,"2 Stars","Canada"
"245",1642,"https://www.ajol.info/index.php/jieph","Journal of Interventional Epidemiology and Public Health","2664-2824",NA,1,"No Stars","Uganda"
"246",1110,"https://www.ajol.info/index.php/jkap","Journal of Kenya Assocation of Physicians","2663-6492","2663-6484",1,"1 Star","Kenya"
"247",1550,"https://www.ajol.info/index.php/jkal","Journal of Kiswahili and Other African Languages","2958-4914",NA,1,"New Title","Kenya"
"248",1643,"https://www.ajol.info/index.php/jolte","Journal of Language, Technology & Entrepreneurship in Africa","1998-1279",NA,1,"No Stars","Kenya"
"249",1285,"https://www.ajol.info/index.php/jlle","Journal of Linguistics and Language in Education","2546-2164",NA,1,"2 Stars","Tanzania"
"250",1551,"https://www.ajol.info/index.php/jllcs","Journal of Linguistics, Literary and Communication Studies","2957-8477",NA,1,"New Title","Kenya"
"251",1644,"https://www.ajol.info/index.php/jmbs","Journal of Medical and Biomedical Sciences",NA,"2026-6294",1,"No Stars","Ghana"
"252",1645,"https://www.ajol.info/index.php/jmbr","Journal of Medicine and Biomedical Research","3026-8273","1596-6941",1,"No Stars","Nigeria"
"253",1710,"https://www.ajol.info/index.php/jmcs","Journal of Meteorology and Climate Science",NA,"2006-7003",1,"Pending","Nigeria"
"254",1286,"https://www.ajol.info/index.php/jnae","Journal of North African Economies","2588-1930",NA,1,"2 Stars","Algeria"
"255",1287,"https://www.ajol.info/index.php/jpdrp","Journal of Paediatric Dental Research and Practice","2955-1382","2955-1390",1,"2 Stars","Nigeria"
"256",1111,"https://www.ajol.info/index.php/jpb","Journal of Pharmacy & Bioresources","0189-8442",NA,1,"1 Star","Nigeria"
"257",1454,"https://www.ajol.info/index.php/jpc","Journal of Philosophy and Culture","0855-6660",NA,1,"Inactive Title","Ghana"
"258",1647,"https://www.ajol.info/index.php/jopat","Journal of Phytomedicine and Therapeutics","1118-1028",NA,1,"No Stars","Nigeria"
"259",1288,"https://www.ajol.info/index.php/jpds","Journal of Policy and Development Studies","2814-1091",NA,1,"2 Stars","Nigeria"
"260",1289,"https://www.ajol.info/index.php/jrrs","Journal of Radiography and Radiation Sciences","2736-1063","2736-1071",1,"2 Stars","Nigeria"
"261",1648,"https://www.ajol.info/index.php/jrfwe","Journal of Research in Forestry, Wildlife and Environment",NA,"2141-1778",1,"No Stars","Nigeria"
"262",1290,"https://www.ajol.info/index.php/jsid","Journal of Science and Inclusive Development","2708-3756",NA,1,"2 Stars","Ethiopia"
"263",1291,"https://www.ajol.info/index.php/just","Journal of Science and Technology (Ghana)","0855-0395",NA,1,"2 Stars","Ghana"
"264",1552,"https://www.ajol.info/index.php/jsic","Journal of Science, Innovation and Creativity","2958-454X",NA,1,"New Title","Kenya"
"265",1292,"https://www.ajol.info/index.php/jswds","Journal of Social Work in Developing Societies","1115-3946",NA,1,"2 Stars","Nigeria"
"266",1112,"https://www.ajol.info/index.php/jsd","Journal of Sociology and Development","2591-6955","2507-7783",1,"1 Star","Tanzania"
"267",1113,"https://www.ajol.info/index.php/jsesd","Journal of Solar Energy and Sustainable Development","2414-6013","2411-9636",1,"1 Star","Libya"
"268",1114,"https://www.ajol.info/index.php/jssa","Journal of Student Affairs in Africa","2307-6267","2311-1771",1,"1 Star","South Africa"
"269",1293,"https://www.ajol.info/index.php/jsdlp","Journal of Sustainable Development Law and Policy (The)","2467-8392","2467-8406",1,"2 Stars","Nigeria"
"270",1294,"https://www.ajol.info/index.php/jcas","Journal of the Cameroon Academy of Sciences","2617-3948","2617-393X",1,"2 Stars","Cameroon"
"271",1295,"https://www.ajol.info/index.php/jgie","Journal of the Ghana Institution of Engineering","0855-0743",NA,1,"2 Stars","Ghana"
"272",1553,"https://www.ajol.info/index.php/jpats","Journal of the Pan African Thoracic Society","2694-4561",NA,1,"New Title","South Africa"
"273",1116,"https://www.ajol.info/index.php/jsasa","Journal of the South African Society of Archivists",NA,"1012-2796",1,"1 Star","South Africa"
"274",1117,"https://www.ajol.info/index.php/jul","Journal of Underutilized Legumes","2705-3776",NA,1,"1 Star","Nigeria"
"275",1118,"https://www.ajol.info/index.php/jowset","Journal of Water Science and Environment Technologies","2508-9250",NA,1,"1 Star","Morocco"
"276",1465,"https://www.ajol.info/index.php/jtdorl","Journal Tunisien d'ORL et de Chirurgie Cervico-Faciale","1737-7803",NA,1,"Inactive Title","Tunisia"
"277",1119,"https://www.ajol.info/index.php/jjeoshs","Jumuga Journal of Education, Oral Studies, and Human Sciences","2618-1517",NA,1,"1 Star","Kenya"
"278",1296,"https://www.ajol.info/index.php/kjms","Kanem Journal of Medical Sciences","2714-2426","2006-4772",1,"2 Stars","Nigeria"
"279",1120,"https://www.ajol.info/index.php/kje","Kashere Journal of Education","2756-6013","2756-6021",1,"1 Star","Nigeria"
"280",1121,"https://www.ajol.info/index.php/kjbm","KCA Journal of Business Management","2071-2162","2072-7992",1,"1 Star","Kenya"
"281",1122,"https://www.ajol.info/index.php/lje","Lapai Journal of Economics","2659-0271","2659-028X",1,"1 Star","Nigeria"
"282",1297,"https://www.ajol.info/index.php/laujoces","LAUTECH Journal of Civil and Environmental Studies","2714-3988","2651-5628",1,"2 Stars","Nigeria"
"283",1123,"https://www.ajol.info/index.php/lcc","Le Carrefour Congolais","2666-6782","2665-9875",1,"1 Star","Congo, Democratic Republic"
"284",1124,"https://www.ajol.info/index.php/ljh","Legon Journal of the Humanities","2458-746X","0855-1502",1,"1 Star","Ghana"
"285",1125,"https://www.ajol.info/index.php/cread","les cahiers du cread","1012-0009","2437-0568",1,"1 Star","Algeria"
"286",1653,"https://www.ajol.info/index.php/lex","Lexikos","2224-0039","1684-4904",1,"No Stars","South Africa"
"287",1127,"https://www.ajol.info/index.php/ljm","Libyan Journal of Medicine","1819-6357","1993-2820",1,"1 Star","Libya"
"288",1716,"https://www.ajol.info/index.php/lwati","Lwati: A Journal of Contemporary Research","1813-2227",NA,1,"Pending","Eswatini"
"289",1128,"https://www.ajol.info/index.php/mcd","Madagascar Conservation & Development","1662-2510",NA,1,"1 Star","Madagascar"
"290",1129,"https://www.ajol.info/index.php/majohe","Makerere Journal of Higher Education","2707-6113","1816-6822",1,"1 Star","Uganda"
"291",1130,"https://www.ajol.info/index.php/malam","Malam: A Journal of Arabic Studies","2695-2343",NA,1,"1 Star","Nigeria"
"292",1654,"https://www.ajol.info/index.php/mje","Malawi Journal of Economics",NA,"2312-9204",1,"No Stars","Malawi"
"293",1717,"https://www.ajol.info/index.php/mjst","Malawi Journal of Science and Technology","1019-7079",NA,1,"Pending","Malawi"
"294",1298,"https://www.ajol.info/index.php/mmj","Malawi Medical Journal","1995-7262","1995-7270",1,"2 Stars","Malawi"
"295",1299,"https://www.ajol.info/index.php/mvmj","Mansoura Veterinary Medical Journal","2682-2512","1110-7219",1,"2 Stars","Egypt, Arab Rep."
"296",1300,"https://www.ajol.info/index.php/mtj","Medical Technologies Journal","2572-004X",NA,1,"2 Stars","Algeria"
"297",1301,"https://www.ajol.info/index.php/met","Metamorphosis","2307-5031",NA,1,"2 Stars","South Africa"
"298",1657,"https://www.ajol.info/index.php/mjas","Mgbakoigba: Journal of African Studies",NA,"2346-7126",1,"No Stars","Nigeria"
"299",1131,"https://www.ajol.info/index.php/mid","Microbes and Infectious Diseases","2682-4140","2682-4132",1,"1 Star","Egypt, Arab Rep."
"300",1302,"https://www.ajol.info/index.php/mb","Microbial Biosystems Journal","2357-0334","2357-0326",1,"2 Stars","Egypt, Arab Rep."
"301",1303,"https://www.ajol.info/index.php/mlr","Mizan Law Review","2309-902X","1998-9881",1,"2 Stars","Ethiopia"
"302",1304,"https://www.ajol.info/index.php/mejs","Momona Ethiopian Journal of Science","2220-184X","2073-073X",1,"2 Stars","Ethiopia"
"303",1658,"https://www.ajol.info/index.php/mulika","MULIKA Journal","2546-2202","0856-0129",1,"No Stars","Tanzania"
"304",1305,"https://www.ajol.info/index.php/njhss","Nairobi Journal of Humanities and Social Sciences","2523-0948","2520-4009",1,"2 Stars","Kenya"
"305",1659,"https://www.ajol.info/index.php/na","New Agenda: South African Journal of Social and Economic Policy",NA,"1607-2820",1,"No Stars","South Africa"
"306",1306,"https://www.ajol.info/index.php/ngjsd","NG Journal of Social Development","2814-1105",NA,1,"2 Stars","Nigeria"
"307",1660,"https://www.ajol.info/index.php/naj","Nigeria Agricultural Journal",NA,"0300-368X",1,"No Stars","Nigeria"
"308",1719,"https://www.ajol.info/index.php/njpap","Nigeria Journal of Pure and Applied Physics","1596-0862",NA,1,"Pending","Nigeria"
"309",1133,"https://www.ajol.info/index.php/ntj","Nigeria Theatre Journal: A Journal of the Society of Nigeria Theatre Artists","2971-6748","0189-9562",1,"1 Star","Nigeria"
"310",1661,"https://www.ajol.info/index.php/nba","Nigerian Bar Journal",NA,NA,1,"No Stars","Nigeria"
"311",1475,"https://www.ajol.info/index.php/ndj","Nigerian Dental Journal","0189-1006",NA,1,"Inactive Title","Nigeria"
"312",1134,"https://www.ajol.info/index.php/nhj","Nigerian Health Journal","2992-345X","0189-9287",1,"1 Star","Nigeria"
"313",1722,"https://www.ajol.info/index.php/tjas","Nigerian Journal of Animal Science","1119-4308",NA,1,"Pending","Nigeria"
"314",1662,"https://www.ajol.info/index.php/njbas","Nigerian Journal of Basic and Applied Sciences","2756-4843",NA,1,"No Stars","Nigeria"
"315",1307,"https://www.ajol.info/index.php/njbmb","Nigerian Journal of Biochemistry and Molecular Biology","2659-0042","0189-4757",1,"2 Stars","Nigeria"
"316",1663,"https://www.ajol.info/index.php/njb","Nigerian Journal of Biotechnology",NA,"0189-1731",1,"No Stars","Nigeria"
"317",1135,"https://www.ajol.info/index.php/njbot","Nigerian Journal of Botany","1115-7569","0795-0128",1,"1 Star","Nigeria"
"318",1664,"https://www.ajol.info/index.php/njcr","Nigerian Journal of Chemical Research","1119-0221",NA,1,"No Stars","Nigeria"
"319",1136,"https://www.ajol.info/index.php/njcs","Nigerian Journal of Christian Studies","2805-3710","2636-6126",1,"1 Star","Nigeria"
"320",1137,"https://www.ajol.info/index.php/njcp","Nigerian Journal of Clinical Practice","2229-7731","1119-3077",1,"1 Star","Nigeria"
"321",1138,"https://www.ajol.info/index.php/njcomm","Nigerian Journal of Communication","2756-3464","1596-356X",1,"1 Star","Nigeria"
"322",1139,"https://www.ajol.info/index.php/njdr","Nigerian Journal of Dental Research","2714-4089","2636-4956",1,"1 Star","Nigeria"
"323",1667,"https://www.ajol.info/index.php/njeng","Nigerian Journal of Engineering","2705-3954","0794-4756",1,"No Stars","Nigeria"
"324",1309,"https://www.ajol.info/index.php/njm","Nigerian Journal of Medicine","2667-0526","1115-2613",1,"2 Stars","Nigeria"
"325",1142,"https://www.ajol.info/index.php/njo","Nigerian Journal of Ophthalmology","2468-8363","0189-9171",1,"1 Star","Nigeria"
"326",1310,"https://www.ajol.info/index.php/njp","Nigerian Journal of Paediatrics","0302-4660",NA,1,"2 Stars","Nigeria"
"327",1725,"https://www.ajol.info/index.php/njpr","Nigerian Journal of Pharmaceutical Research","2635-3555","0189-8434",1,"Pending","Nigeria"
"328",1144,"https://www.ajol.info/index.php/njps","Nigerian Journal of Physiological Sciences","0794-859X",NA,1,"1 Star","Nigeria"
"329",1145,"https://www.ajol.info/index.php/njsp","Nigerian Journal of Social Psychology","2682-6143","2682-6151",1,"1 Star","Nigeria"
"330",1146,"https://www.ajol.info/index.php/njs","Nigerian Journal of Surgery","1117-6806","2278-7100",1,"1 Star","Nigeria"
"331",1490,"https://www.ajol.info/index.php/njsr","Nigerian Journal of Surgical Research","1595-1103",NA,1,"Inactive Title","Nigeria"
"332",1311,"https://www.ajol.info/index.php/njtd","Nigerian Journal of Technological Development","2437-2110","0189-9546",1,"2 Stars","Nigeria"
"333",1312,"https://www.ajol.info/index.php/njt","Nigerian Journal of Technology","2467-8821","0331-8443",1,"2 Stars","Nigeria"
"334",1147,"https://www.ajol.info/index.php/nmj","Nigerian Medical Journal","2229-774X","0300-1652",1,"1 Star","Nigeria"
"335",1674,"https://www.ajol.info/index.php/nvj","Nigerian Veterinary Journal","0331-3026",NA,1,"No Stars","Nigeria"
"336",1148,"https://www.ajol.info/index.php/njinga","NJINGA e SEPÉ: Revista Internacional de Culturas, Línguas Africanas e Brasileiras","2764-1244",NA,1,"1 Star","Brazil"
"337",1675,"https://www.ajol.info/index.php/naujilj","Nnamdi Azikiwe University Journal of International Law and Jurisprudence",NA,"2276-7371",1,"No Stars","Nigeria"
"338",1313,"https://www.ajol.info/index.php/najfnr","North African Journal of Food and Nutrition Research","2588-1582",NA,1,"2 Stars","Algeria"
"339",1677,"https://www.ajol.info/index.php/og","OGIRISI: a New Journal of African Studies","1597-474X",NA,1,"No Stars","Nigeria"
"340",1149,"https://www.ajol.info/index.php/ovj","Open Veterinary Journal","2218-6050","2226-4485",1,"1 Star","Libya"
"341",1150,"https://www.ajol.info/index.php/orapj","Orapuh Journal","2644-3740",NA,1,"1 Star","Gambia, The"
"342",1554,"https://www.ajol.info/index.php/olr","Orapuh Literature Reviews","2644-3651",NA,1,"New Title","Gambia, The"
"343",1151,"https://www.ajol.info/index.php/ojm","Orient Journal of Medicine","1115-0521",NA,1,"1 Star","Nigeria"
"344",1152,"https://www.ajol.info/index.php/ojss","Orient Journal of Surgical Sciences","2971-625X","2734-3138",1,"1 Star","Nigeria"
"345",1314,"https://www.ajol.info/index.php/orion","ORiON","2224-0004","0259-191X",1,"2 Stars","South Africa"
"346",1153,"https://www.ajol.info/index.php/olj","Oromia Law Journal",NA,"2304-8239",1,"1 Star","Ethiopia"
"347",1315,"https://www.ajol.info/index.php/pamjoh","PAMJ One Health","2707-2800",NA,1,"2 Stars","Cameroon"
"348",1316,"https://www.ajol.info/index.php/pamj","Pan African Medical Journal","1937-8688",NA,1,"2 Stars","Uganda"
"349",1155,"https://www.ajol.info/index.php/pajbm","Pan-African Journal of Business Management","1821-9993","1821-9985",1,"1 Star","Tanzania"
"350",1317,"https://www.ajol.info/index.php/pajgd","PanAfrican Journal of Governance and Development","2707-1316","2707-1308",1,"2 Stars","Ethiopia"
"351",1156,"https://www.ajol.info/index.php/ped","Papers in Education and Development","2665-0746","0856-4027",1,"1 Star","Tanzania"
"352",1318,"https://www.ajol.info/index.php/jda","People Centred – The Journal of Development Administration","2788-8169","2218-4899",1,"2 Stars","Zimbabwe"
"353",1495,"https://www.ajol.info/index.php/pie","Perspectives in Education",NA,"0258-2236",1,"Inactive Title","South Africa"
"354",1157,"https://www.ajol.info/index.php/pmjoe","Pest Management Journal of Ethiopia","2958-941X","1028-0308",1,"1 Star","Ethiopia"
"355",1159,"https://www.ajol.info/index.php/pelj","Potchefstroom Electronic Law Journal/Potchefstroomse Elektroniese Regsblad","1727-3781",NA,1,"1 Star","South Africa"
"356",1319,"https://www.ajol.info/index.php/pngas","Proceedings of the Nigerian Academy of Science","2705-327X","0794-7976",1,"2 Stars","Nigeria"
"357",1320,"https://www.ajol.info/index.php/rjikm","Regional Journal of Information and Knowledge Management","2412-6535",NA,1,"2 Stars","Kenya"
"358",1321,"https://www.ajol.info/index.php/rhm","Research in Hospitality Management","2415-5152","2224-3534",1,"2 Stars","South Africa"
"359",1555,"https://www.ajol.info/index.php/rjbf","Research Journal of Business and Finance","2958-8634",NA,1,"New Title","Kenya"
"360",1556,"https://www.ajol.info/index.php/rjetcs","Research Journal of Education, Teaching and Curriculum Studies","2958-8626",NA,1,"New Title","Kenya"
"361",1322,"https://www.ajol.info/index.php/rejhs","Research Journal of Health Sciences","2467-8252","2360-7793",1,"2 Stars","Nigeria"
"362",1323,"https://www.ajol.info/index.php/rac","Revista Angolana de Ciências","2664-259X",NA,1,"2 Stars","Angola"
"363",1324,"https://www.ajol.info/index.php/racsaude","Revista Angolana de Ciências da Saúde","2789-2832","2789-2824",1,"2 Stars","Angola"
"364",1161,"https://www.ajol.info/index.php/rafea","Revue Africaine d’Environnement et d’Agriculture","2708-5422","2708-7743",1,"1 Star","Congo, Democratic Republic"
"365",1163,"https://www.ajol.info/index.php/rebpasres","Revue de l’Environnement et de la Biodiversité-Programme d’Appui Stratégique à la Recherche Scientifique (REB-PASRES)",NA,"2520-3037",1,"1 Star","Côte d'Ivoire"
"366",1325,"https://www.ajol.info/index.php/remarem","Revue Marocaine de Recherche en Management et Marketing","2458-665X","2028-5175",1,"2 Stars","Morocco"
"367",1679,"https://www.ajol.info/index.php/rj","Rwanda Journal",NA,"2305-2678",1,"No Stars","Rwanda"
"368",1738,"https://www.ajol.info/index.php/rjeas","Rwanda Journal of Agricultural Sciences","2707-7209",NA,1,NA,"Rwanda"
"369",1557,"https://www.ajol.info/index.php/rjeste","Rwanda Journal of Engineering, Science, Technology and Environment","2617-233X","2617-2321",1,"New Title","Rwanda"
"370",1503,"https://www.ajol.info/index.php/rjhs","Rwanda Journal of Health Sciences",NA,"2226-728X",1,"Inactive Title","Rwanda"
"371",1326,"https://www.ajol.info/index.php/rjmhs","Rwanda Journal of Medicine and Health Sciences","2616-9827","2616-9819",1,"2 Stars","Rwanda"
"372",1739,"https://www.ajol.info/index.php/rjsshb","Rwanda Journal of Social Sciences, Humanities and Business","2708-7603","2708-759X",1,NA,"Rwanda"
"373",1164,"https://www.ajol.info/index.php/rmj","Rwanda Medical Journal","2410-8626",NA,1,"1 Star","Rwanda"
"374",1165,"https://www.ajol.info/index.php/rje","Rwandan Journal of Education","2312-9239",NA,1,"1 Star","Rwanda"
"375",1327,"https://www.ajol.info/index.php/sajr","SA Journal of Radiology","2078-6778","1027-202X",1,"2 Stars","South Africa"
"376",1328,"https://www.ajol.info/index.php/saharaj","SAHARA-J: Journal of Social Aspects of HIV/AIDS","1813-4424","1729-0376",1,"2 Stars","South Africa"
"377",1507,"https://www.ajol.info/index.php/sjis","Samaru Journal of Information Studies","1596-5414",NA,1,"Inactive Title","Nigeria"
"378",1329,"https://www.ajol.info/index.php/sapientiae","SAPIENTIAE Revista de Ciências Sociais, Humanas e Enghenerias","2184-061X","2183-5063",1,"2 Stars","Angola"
"379",1166,"https://www.ajol.info/index.php/jsdugs","Science and Development","2821-9007","2550-3421",1,"1 Star","Ghana"
"380",1330,"https://www.ajol.info/index.php/scimundi","Science Mundi","2788-5844",NA,1,"2 Stars","Kenya"
"381",1681,"https://www.ajol.info/index.php/swj","Science World Journal","1597-6343","2756-391X",1,"No Stars","Nigeria"
"382",1167,"https://www.ajol.info/index.php/star","Science, Technology and Arts Research Journal","2305-3372","2226-7522",1,"1 Star","Ethiopia"
"383",1508,"https://www.ajol.info/index.php/scinat","Sciences & Nature","1812-0741",NA,1,"Inactive Title","Côte d'Ivoire"
"384",1331,"https://www.ajol.info/index.php/smsajms","Scientia Militaria: South African Journal of Military Studies","2224-0020","1022-8136",1,"2 Stars","South Africa"
"385",1168,"https://www.ajol.info/index.php/scopus","Scopus: Journal of East African Ornithology","2313-1799","0250-4162",1,"1 Star","Kenya"
"386",1170,"https://www.ajol.info/index.php/sinet","SINET: Ethiopian Journal of Science","2520-7997","0379-2897",1,"1 Star","Ethiopia"
"387",1332,"https://www.ajol.info/index.php/sokjmls","Sokoto Journal of Medical Laboratory Science",NA,"2536-7153",1,"2 Stars","Nigeria"
"388",1171,"https://www.ajol.info/index.php/sokjvs","Sokoto Journal of Veterinary Sciences","2315-6201","1595-093X",1,"1 Star","Nigeria"
"389",1173,"https://www.ajol.info/index.php/sacq","South African Crime Quarterly","2413-3108","1991-3877",1,"1 Star","South Africa"
"390",1174,"https://www.ajol.info/index.php/safp","South African Family Practice","2078-6204","2078-6190",1,"1 Star","South Africa"
"391",1175,"https://www.ajol.info/index.php/sajrs","South African Journal for Research in Sport, Physical Education and Recreation","2960-2386","0379-9069",1,"1 Star","South Africa"
"392",1177,"https://www.ajol.info/index.php/sajae","South African Journal of Agricultural Extension","2413-3221","0301-603X",1,"1 Star","South Africa"
"393",1178,"https://www.ajol.info/index.php/sajas","South African Journal of Animal Science","2221-4062","0375-1589",1,"1 Star","South Africa"
"394",1179,"https://www.ajol.info/index.php/sajbl","South African Journal of Bioethics and Law","1999-7639",NA,1,"1 Star","South Africa"
"395",1333,"https://www.ajol.info/index.php/sajc","South African Journal of Chemistry","1996-840X","0379-4350",1,"2 Stars","South Africa"
"396",1180,"https://www.ajol.info/index.php/sajchh","South African Journal of Child Health","1999-7671","1994-3032",1,"1 Star","South Africa"
"397",1334,"https://www.ajol.info/index.php/sajcn","South African Journal of Clinical Nutrition","2221-1268","1607-0658",1,"2 Stars","South Africa"
"398",1181,"https://www.ajol.info/index.php/saje","South African Journal of Education","2076-3433","0256-0100",1,"1 Star","South Africa"
"399",1182,"https://www.ajol.info/index.php/sajg","South African Journal of Geomatics","2225-8531",NA,1,"1 Star","South Africa"
"400",1183,"https://www.ajol.info/index.php/sajog","South African Journal of Obstetrics and Gynaecology","2305-8862","0038-2329",1,"1 Star","South Africa"
"401",1184,"https://www.ajol.info/index.php/sajpsyc","South African Journal of Psychiatry","2078-6786","1608-9685",1,"1 Star","South Africa"
"402",1350,"https://www.ajol.info/index.php/sajsci","South African Journal of Science","1996-7489","0038-2353",1,"3 Stars","South Africa"
"403",1335,"https://www.ajol.info/index.php/sasma","South African Journal of Sports Medicine","2078-516X","1015-5163",1,"2 Stars","South Africa"
"404",1685,"https://www.ajol.info/index.php/sajs","South African Journal of Surgery","2078-5151","0038-2361",1,"No Stars","South Africa"
"405",1185,"https://www.ajol.info/index.php/samj","South African Medical Journal","2078-5135","0256-9574",1,"1 Star","South Africa"
"406",1187,"https://www.ajol.info/index.php/ssmj","South Sudan Medical Journal","2309-4613","2309-4605",1,"1 Star","South Sudan"
"407",1517,"https://www.ajol.info/index.php/sajest","Southern Africa Journal of Education, Science and Technology",NA,"1819-3692",1,"Inactive Title","Zimbabwe"
"408",1188,"https://www.ajol.info/index.php/sabr","Southern African Business Review","1998-8125","1561-896X",1,"1 Star","South Africa"
"409",1189,"https://www.ajol.info/index.php/sajaa","Southern African Journal of Anaesthesia and Analgesia","2220-1173","2220-1181",1,"1 Star","South Africa"
"410",1336,"https://www.ajol.info/index.php/sajcc","Southern African Journal of Critical Care","2078-676X","1562-8264",1,"2 Stars","South Africa"
"411",1337,"https://www.ajol.info/index.php/sajee","Southern African Journal of Environmental Education","2411-5959","0256-7504",1,"2 Stars","South Africa"
"412",1338,"https://www.ajol.info/index.php/sajhivm","Southern African Journal of HIV Medicine","2078-6751","1608-9693",1,"2 Stars","South Africa"
"413",1192,"https://www.ajol.info/index.php/spl","Stellenbosch Papers in Linguistics","2223-9936","1027-3417",1,"1 Star","South Africa"
"414",1193,"https://www.ajol.info/index.php/splp","Stellenbosch Papers in Linguistics Plus","2224-3380",NA,1,"1 Star","South Africa"
"415",1518,"https://www.ajol.info/index.php/sigada","Studies in Gender and Development in Africa","0855-9449",NA,1,"Inactive Title","Ghana"
"416",1194,"https://www.ajol.info/index.php/sjms","Sudan Journal of Medical Sciences","1858-5051",NA,1,"1 Star","Sudan"
"417",1686,"https://www.ajol.info/index.php/srst","Synthèse: Revue des Sciences et de la Technologie","2352-9717","1111-4924",1,"No Stars","Algeria"
"418",1728,"https://www.ajol.info/index.php/tdj","Tanzania Dental Journal","0856-0625",NA,1,"Pending","Tanzania"
"419",1195,"https://www.ajol.info/index.php/tjags","Tanzania Journal of Agricultural Sciences",NA,"0856-664X",1,"1 Star","Tanzania"
"420",1196,"https://www.ajol.info/index.php/tjet","Tanzania Journal of Engineering and Technology","2619-8789","1821-536X",1,"1 Star","Tanzania"
"421",1687,"https://www.ajol.info/index.php/tjfnc","Tanzania Journal of Forestry and Nature Conservation","2408-8137","2408-8129",1,"No Stars","Tanzania"
"422",1197,"https://www.ajol.info/index.php/thrb","Tanzania Journal of Health Research","1821-9241","1821-6404",1,"1 Star","Tanzania"
"423",1198,"https://www.ajol.info/index.php/tjs","Tanzania Journal of Science","2507-7961","0856-1761",1,"1 Star","Tanzania"
"424",1199,"https://www.ajol.info/index.php/tjsoc","Tanzania Journal of Sociology","2591-6963","1821-9632",1,"1 Star","Tanzania"
"425",1200,"https://www.ajol.info/index.php/ter","Tanzanian Economic Review","2507-7740",NA,1,"1 Star","Tanzania"
"426",1201,"https://www.ajol.info/index.php/tcv","The Catholic Voyage: African Journal of Consecrated Life",NA,"2659-0301",1,"1 Star","Nigeria"
"427",1730,"https://www.ajol.info/index.php/colloq","The COLLOQUIUM","2971-6632",NA,1,"Pending","Nigeria"
"428",1202,"https://www.ajol.info/index.php/crab","The CRAB: Journal of Theatre and Media Arts",NA,"2006-0157",1,"1 Star","Nigeria"
"429",1523,"https://www.ajol.info/index.php/tp","Thought and Practice","2076-7714","0251-043X",1,"Inactive Title","Kenya"
"430",1340,"https://www.ajol.info/index.php/trp","Town and Regional Planning","2415-0495","1012-280X",1,"2 Stars","South Africa"
"431",1341,"https://www.ajol.info/index.php/tjnpr","Tropical Journal of Natural Product Research","2616-0692","2616-0684",1,"2 Stars","Nigeria"
"432",1342,"https://www.ajol.info/index.php/tjn","Tropical Journal of Nephrology","2651-5970","2006-490X",1,"2 Stars","Nigeria"
"433",1203,"https://www.ajol.info/index.php/tjog","Tropical Journal of Obstetrics and Gynaecology","0189-5117",NA,1,"1 Star","Nigeria"
"434",1204,"https://www.ajol.info/index.php/tjpr","Tropical Journal of Pharmaceutical Research","1596-9827","1596-5996",1,"1 Star","Nigeria"
"435",1205,"https://www.ajol.info/index.php/tjpp","Tunisian Journal of Plant Protection","2490-4368","1737-5436",1,"1 Star","Tunisia"
"436",1206,"https://www.ajol.info/index.php/tvl","Tydskrif vir letterkunde","2309-9070","0041-476X",1,"1 Star","South Africa"
"437",1207,"https://www.ajol.info/index.php/udsijd","UDS International Journal of Development","2026-5336",NA,1,"1 Star","Ghana"
"438",1690,"https://www.ajol.info/index.php/ujas","Uganda Journal of Agricultural Sciences","2410-6909","1026-0919",1,"No Stars","Uganda"
"439",1691,"https://www.ajol.info/index.php/ujah","UJAH: Unizik Journal of Arts and Humanities","1595-1413",NA,1,"No Stars","Nigeria"
"440",1343,"https://www.ajol.info/index.php/umudike","Umudike Journal of Engineering and Technology",NA,"2536-7404",1,"2 Stars","Nigeria"
"441",1732,"https://www.ajol.info/index.php/udslj","University of Dar es Salaam Library Journal","2953-2515","0856-1818",1,"Pending","Tanzania"
"442",1529,"https://www.ajol.info/index.php/umrj","University of Mauritius Research Journal","1694-0342",NA,1,"Inactive Title","Mauritius"
"443",1692,"https://www.ajol.info/index.php/jrhr","UNIZIK Journal of Religion and Human Relations",NA,"2006-5442",1,"No Stars","Nigeria"
"444",1208,"https://www.ajol.info/index.php/uongozi","UONGOZI Journal of Management and Development Dynamics","2619-8665","0856-1435",1,"1 Star","Tanzania"
"445",1693,"https://www.ajol.info/index.php/vulnew","Vulture News","1606-7479",NA,1,"No Stars","South Africa"
"446",1344,"https://www.ajol.info/index.php/wsa","Water SA","1816-7950","0378-4738",1,"2 Stars","South Africa"
"447",1694,"https://www.ajol.info/index.php/wajae","West African Journal of Applied Ecology","2661-9040","0855-4307",1,"No Stars","Ghana"
"448",1695,"https://www.ajol.info/index.php/wajiar","West African Journal of Industrial and Academic Research",NA,"1116-5405",1,"No Stars","Nigeria"
"449",1530,"https://www.ajol.info/index.php/wajm","West African Journal of Medicine","0189-160X",NA,1,"Inactive Title","Nigeria"
"450",1345,"https://www.ajol.info/index.php/wiojms","Western Indian Ocean Journal of Marine Science","2683-6416","0856-860X",1,"2 Stars","Tanzania"
"451",1346,"https://www.ajol.info/index.php/wojast","World Journal of Applied Science & Technology","2141-3290",NA,1,"2 Stars","Nigeria"
"452",1347,"https://www.ajol.info/index.php/yt","Yesterday and Today","2223-0386","2309-9003",1,"2 Stars","South Africa"
"453",1348,"https://www.ajol.info/index.php/zjps","Zagazig Journal of Pharmaceutical Sciences","2356-9786","1110-5089",1,"2 Stars","Egypt, Arab Rep."
"454",1734,"https://www.ajol.info/index.php/zumj","Zagazig University Medical Journal","2357-0717","1110-1431",1,NA,"Egypt, Arab Rep."
"455",1697,"https://www.ajol.info/index.php/zahir","Zaria Historical Journal","2756-6919","2756-6900",1,"No Stars","Nigeria"
"456",1534,"https://www.ajol.info/index.php/zj","Zede Journal",NA,"0514-6216",1,"Inactive Title","Ethiopia"
"457",1349,"https://www.ajol.info/index.php/zjst","Zimbabwe Journal of Science and Technology","2409-0360","1810-0341",1,"2 Stars","Zimbabwe"
"458",1699,"https://www.ajol.info/index.php/tzool","Zoologist (The)","1596-972X",NA,1,"No Stars","Nigeria"
"459",1004,"https://www.ajol.info/index.php/ajas","African Journal of Aquatic Science","1727-9364","1608-5914",0,"1 Star","South Africa"
"460",1005,"https://www.ajol.info/index.php/ajcmr","African Journal of Current Medical Research","2579-0242",NA,0,"1 Star","Ghana"
"461",1006,"https://www.ajol.info/index.php/ajdg","African Journal of Democracy and Governance",NA,"2313-6529",0,"1 Star","Congo, Democratic Republic"
"462",1009,"https://www.ajol.info/index.php/ajerd","African Journal of Educational Research and Development",NA,"2006-5450",0,"1 Star","Nigeria"
"463",1015,"https://www.ajol.info/index.php/ajlais","African Journal of Library, Archives and Information Science","0795-4778",NA,0,"1 Star","Nigeria"
"464",1016,"https://www.ajol.info/index.php/ajms","African Journal of Marine Science","1814-2338","1814-232X",0,"1 Star","South Africa"
"465",1017,"https://www.ajol.info/index.php/ajpn","African Journal of Paediatric Nephrology",NA,"2354-4325",0,"1 Star","Nigeria"
"466",1018,"https://www.ajol.info/index.php/ajrfs","African Journal of Range and Forage Science","1727-9380","1022-0119",0,"1 Star","South Africa"
"467",1020,"https://www.ajol.info/index.php/ajr","African Journal of Rheumatology",NA,"2307-2482",0,"1 Star","Kenya"
"468",1021,"https://www.ajol.info/index.php/ajsd","African Journal of Sustainable Development",NA,"2315-6317",0,"1 Star","Nigeria"
"469",1027,"https://www.ajol.info/index.php/aref","African Review of Economics and Finance",NA,"2042-1478",0,"1 Star","South Africa"
"470",1031,"https://www.ajol.info/index.php/ageers","Agricultural Economics and Extension Research Studies","2714-3147",NA,0,"1 Star","Nigeria"
"471",1037,"https://www.ajol.info/index.php/abs","Annals of Biomedical Sciences","1596-6569",NA,0,"1 Star","Nigeria"
"472",1049,"https://www.ajol.info/index.php/dentiscope","Dentiscope","2488-8915","1119-8915",0,"1 Star","Nigeria"
"473",1052,"https://www.ajol.info/index.php/eamj","East African Medical Journal","0012-835X",NA,0,"1 Star","Kenya"
"474",1057,"https://www.ajol.info/index.php/eia","English in Africa","2071-7474","0376-8902",0,"1 Star","South Africa"
"475",1059,"https://www.ajol.info/index.php/esarjo","ESARBICA Journal: Journal of the Eastern and Southern Africa Regional Branch of the International Council on Archives","0376-4753",NA,0,"1 Star","South Africa"
"476",1060,"https://www.ajol.info/index.php/ejap","Ethiopian Journal of Animal Production",NA,"1607-3835",0,"1 Star","Ethiopia"
"477",1061,"https://www.ajol.info/index.php/ejbs","Ethiopian Journal of Biological Sciences","1819-8678",NA,0,"1 Star","Ethiopia"
"478",1067,"https://www.ajol.info/index.php/epj","Ethiopian Pharmaceutical Journal","1029-5933",NA,0,"1 Star","Ethiopia"
"479",1070,"https://www.ajol.info/index.php/funaijost","FUNAI Journal of Science and Technology","2630-6921","2504-9534",0,"1 Star","Nigeria"
"480",1087,"https://www.ajol.info/index.php/imhotep","IMHOTEP Mathematical Journal",NA,NA,0,"1 Star","Cameroon"
"481",1089,"https://www.ajol.info/index.php/ict","Information Technologist (The)","2805-3478","1597-4316",0,"1 Star","Nigeria"
"482",1091,"https://www.ajol.info/index.php/ise","Innovative Solutions in Engineering: Journal of the Nigerian Academy of Engineering","2734-2972","2636-5197",0,"1 Star","Nigeria"
"483",1095,"https://www.ajol.info/index.php/ijispdf","International Journal of Information Security, Privacy and Digital Forensics","2636-6134",NA,0,"1 Star","Nigeria"
"484",1096,"https://www.ajol.info/index.php/ijp","International Journal of Pedagogy, Policy and ICT in Education",NA,"2026-6081",0,"1 Star","Ghana"
"485",1098,"https://www.ajol.info/index.php/issa","Italian Studies in Southern Africa/Studi d'Italianistica nell'Africa Australe","2225-7039","1012-2338",0,"1 Star","South Africa"
"486",1101,"https://www.ajol.info/index.php/jast","Journal of Applied Science and Technology","0855-2215",NA,0,"1 Star","Ghana"
"487",1104,"https://www.ajol.info/index.php/jcamh","Journal of Child and Adolescent Mental Health","1728-0591","1728-0583",0,"1 Star","South Africa"
"488",1115,"https://www.ajol.info/index.php/jmaa","Journal of the Musical Arts in Africa","2070-626X","1812-1004",0,"1 Star","South Africa"
"489",1126,"https://www.ajol.info/index.php/lcdm","Les Cahiers du MECAS","2600-6294",NA,0,"1 Star","Algeria"
"490",1132,"https://www.ajol.info/index.php/ncijcms","Nigeria and the Classics: Ibadan Journal of the Classics and Multidisciplinary Studies",NA,"1118-1990",0,"1 Star","Nigeria"
"491",1140,"https://www.ajol.info/index.php/njgc","Nigerian Journal of Guidance and Counselling","0794-0831",NA,0,"1 Star","Nigeria"
"492",1141,"https://www.ajol.info/index.php/njhydrosci","Nigerian Journal of Hydrological Sciences",NA,"2315-6686",0,"1 Star","Nigeria"
"493",1143,"https://www.ajol.info/index.php/njpar","Nigerian Journal of Parasitology","1117-4145",NA,0,"1 Star","Nigeria"
"494",1154,"https://www.ajol.info/index.php/ostrich","Ostrich: Journal of African Ornithology","1727-947X","0030-6525",0,"1 Star","South Africa"
"495",1158,"https://www.ajol.info/index.php/phmedj","Port Harcourt Medical Journal","0795-3038",NA,0,"1 Star","Nigeria"
"496",1160,"https://www.ajol.info/index.php/qm","Quaestiones Mathematicae","1727-933X","1607-3606",0,"1 Star","South Africa"
"497",1172,"https://www.ajol.info/index.php/saaj","South African Actuarial Journal","1680-2179",NA,0,"1 Star","South Africa"
"498",1176,"https://www.ajol.info/index.php/sajal","South African Journal of African Languages","2305-1159","0257-2117",0,"1 Star","South Africa"
"499",1186,"https://www.ajol.info/index.php/samus","South African Music Studies",NA,"2223-635X",0,"1 Star","South Africa"
"500",1190,"https://www.ajol.info/index.php/salas","Southern African Linguistics and Applied Language Studies","1727-9461","1607-3614",0,"1 Star","South Africa"
"501",1191,"https://www.ajol.info/index.php/sfjfs","Southern Forests: a Journal of Forest Science","2070-2639","2070-2620",0,"1 Star","South Africa"
"502",1209,"https://www.ajol.info/index.php/zjer","Zimbabwe Journal of Educational Research","1013-3445",NA,0,"1 Star","Zimbabwe"
"503",1218,"https://www.ajol.info/index.php/ajpherd","African Journal for Physical Activity and Health Sciences",NA,"2411-6939",0,"2 Stars","South Africa"
"504",1219,"https://www.ajol.info/index.php/ajar","African Journal of AIDS Research","1608-5906","1727-9445",0,"2 Stars","South Africa"
"505",1229,"https://www.ajol.info/index.php/ajtmbr","African Journal of Tropical Medicine and Biomedical Research",NA,"2141-6397",0,"2 Stars","Nigeria"
"506",1230,"https://www.ajol.info/index.php/az","African Zoology","2224-073X","1562-7020",0,"2 Stars","South Africa"
"507",1246,"https://www.ajol.info/index.php/dai","Discovery and Innovation","1015-079X",NA,0,"2 Stars","Kenya"
"508",1259,"https://www.ajol.info/index.php/ft","Filosofia Theoretica: Journal of African Philosophy, Culture and Religions","2408-5987","2276-8386",0,"2 Stars","Nigeria"
"509",1261,"https://www.ajol.info/index.php/gdj","Ghana Dental Journal","2408-7823","0855-5311",0,"2 Stars","Ghana"
"510",1308,"https://www.ajol.info/index.php/njgh","Nigerian Journal of Gastroenterology and Hepatology","1596-2253","2251-0079",0,"2 Stars","Nigeria"
"511",1339,"https://www.ajol.info/index.php/tvj","Tanzania Veterinary Journal","2714-206X","0856-1451",0,"2 Stars","Tanzania"
"512",1351,"https://www.ajol.info/index.php/ae","African Environment","0850-8518",NA,0,"Inactive Title","Senegal"
"513",1352,"https://www.ajol.info/index.php/ajpssi","African Journal for the Psychological Study of Social Issues",NA,NA,0,"Inactive Title","Nigeria"
"514",1354,"https://www.ajol.info/index.php/ajcpsf","African Journal of Cross-Cultural Psychology and Sport Facilitation","1119-7056",NA,0,"Inactive Title","South Africa"
"515",1355,"https://www.ajol.info/index.php/ajep","African Journal of Economic Policy","1116-4875",NA,0,"Inactive Title","Nigeria"
"516",1357,"https://www.ajol.info/index.php/ajfm","African Journal of Finance and Management","0856-6372",NA,0,"Inactive Title","Tanzania"
"517",1358,"https://www.ajol.info/index.php/fns","African Journal of Food and Nutritional Security","1608-1366",NA,0,"Inactive Title","Kenya"
"518",1359,"https://www.ajol.info/index.php/ajgd","African Journal of Governance and Development",NA,"2218-5615",0,"Inactive Title","Mozambique"
"519",1361,"https://www.ajol.info/index.php/ajiad","African Journal of International Affairs and Development",NA,NA,0,"Inactive Title","Nigeria"
"520",1362,"https://www.ajol.info/index.php/ajohs","African Journal of Oral Health Sciences","1608-7232",NA,0,"Inactive Title","Kenya"
"521",1363,"https://www.ajol.info/index.php/ajps-n","African Journal of Paediatric Surgery","0189-6725",NA,0,"Inactive Title","Nigeria"
"522",1366,"https://www.ajol.info/index.php/astumo","African Studies Monographs","1119-7196",NA,0,"Inactive Title","Nigeria"
"523",1367,"https://www.ajol.info/index.php/apra","Animal Production Research Advances","0794-4721",NA,0,"Inactive Title","Nigeria"
"524",1368,"https://www.ajol.info/index.php/aq","Annales Aequatoria","0254-4296",NA,0,"Inactive Title","Congo, Republic"
"525",1370,"https://www.ajol.info/index.php/ahds","Annals of Humanities and Development Studies",NA,"2141-4343",0,"Inactive Title","Nigeria"
"526",1371,"https://www.ajol.info/index.php/ame","Annals of Modern Education",NA,"2141-1263",0,"Inactive Title","Nigeria"
"527",1373,"https://www.ajol.info/index.php/aim","Archives of Ibadan Medicine","1467-6958",NA,0,"Inactive Title","Nigeria"
"528",1377,"https://www.ajol.info/index.php/bjt","Botswana Journal of Technology","1019-1593",NA,0,"Inactive Title","Botswana"
"529",1378,"https://www.ajol.info/index.php/bja","Bowen Journal of Agriculture","1597-2836",NA,0,"Inactive Title","Nigeria"
"530",1379,"https://www.ajol.info/index.php/cjas","Cameroon Journal of Agricultural Science","1813-3320",NA,0,"Inactive Title","Cameroon"
"531",1383,"https://www.ajol.info/index.php/coun","Counsellor (The)",NA,"0189-0263",0,"Inactive Title","Nigeria"
"532",1384,"https://www.ajol.info/index.php/ca","Critical Arts","0256-004",NA,0,"Inactive Title","South Africa"
"533",1385,"https://www.ajol.info/index.php/cw","Current Writing: Text and Reception in Southern Africa","2159-9130","1013-929X",0,"Inactive Title","South Africa"
"534",1387,"https://www.ajol.info/index.php/dad","Democracy & Development: Journal of West African Affairs","1465-0142",NA,0,"Inactive Title","Nigeria"
"535",1388,"https://www.ajol.info/index.php/eaafj","East African Agricultural and Forestry Journal","0012-8325",NA,0,"Inactive Title","Kenya"
"536",1389,"https://www.ajol.info/index.php/eajphr","East African Journal of Peace and Human Rights","1021-8858",NA,0,"Inactive Title","Uganda"
"537",1390,"https://www.ajol.info/index.php/eajph","East African Journal of Public Health","0856-8960",NA,0,"Inactive Title","Tanzania"
"538",1391,"https://www.ajol.info/index.php/eajosta","East African Journal of Statistics","1811-7503",NA,0,"Inactive Title","Kenya"
"539",1392,"https://www.ajol.info/index.php/eajrd","Eastern Africa Journal of Rural Development","0377-7103",NA,0,"Inactive Title","Uganda"
"540",1393,"https://www.ajol.info/index.php/ebomed","Ebonyi Medical Journal","1597-1260",NA,0,"Inactive Title","Nigeria"
"541",1396,"https://www.ajol.info/index.php/ejbs2","Egyptian Journal of Biomedical Sciences","1110-6379",NA,0,"Inactive Title","Egypt, Arab Rep."
"542",1397,"https://www.ajol.info/index.php/ejbiot","Egyptian Journal of Biotechnology","1110-6093",NA,0,"Inactive Title","Egypt, Arab Rep."
"543",1398,"https://www.ajol.info/index.php/ejmls","Egyptian Journal of Medical Laboratory Sciences","1110-5593",NA,0,"Inactive Title","Egypt, Arab Rep."
"544",1401,"https://www.ajol.info/index.php/ejdr","Ethiopian Journal of Development Research","0378-0813",NA,0,"Inactive Title","Ethiopia"
"545",1403,"https://www.ajol.info/index.php/gjf","Ghana Journal of Forestry","0855-1707",NA,0,"Inactive Title","Ghana"
"546",1404,"https://www.ajol.info/index.php/gaep","Global Approaches to Extension Practice: A Journal of Agricultural Extension","0794-1005",NA,0,"Inactive Title","Nigeria"
"547",1410,"https://www.ajol.info/index.php/hrj","Humanities Review Journal","1596-0749",NA,0,"Inactive Title","Nigeria"
"548",1411,"https://www.ajol.info/index.php/imj","IMTU Medical Journal",NA,"1821-7613",0,"Inactive Title","Tanzania"
"549",1413,"https://www.ajol.info/index.php/innovation","Innovation","1025-8892",NA,0,"Inactive Title","South Africa"
"550",1414,"https://www.ajol.info/index.php/ijard","International Journal of Agriculture and Rural Development","1595-9716",NA,0,"Inactive Title","Nigeria"
"551",1417,"https://www.ajol.info/index.php/qijdps","International Journal of Development and Policy Studies","0795-0632",NA,0,"Inactive Title","Nigeria"
"552",1418,"https://www.ajol.info/index.php/ijepse","International Journal of Emotional Psychology and Sport Ethics","1119-7048",NA,0,"Inactive Title","South Africa"
"553",1421,"https://www.ajol.info/index.php/ijmtd","International Journal of Malaria and Tropical Diseases (IJMTD)","1596-3381",NA,0,"Inactive Title","Nigeria"
"554",1423,"https://www.ajol.info/index.php/jcm","International Journal of Medicine and Health Development","1118-2601",NA,0,"Inactive Title","Nigeria"
"555",1424,"https://www.ajol.info/index.php/ijonas","International Journal of Natural and Applied Sciences","0794-4713",NA,0,"Inactive Title","Nigeria"
"556",1425,"https://www.ajol.info/index.php/ijotafs","International Journal of Tropical Agriculture and Food Systems","1597-913X",NA,0,"Inactive Title","Nigeria"
"557",1426,"https://www.ajol.info/index.php/jassa","JASSA: Journal of Applied Science in Southern Africa","1019-7788",NA,0,"Inactive Title","Zimbabwe"
"558",1427,"https://www.ajol.info/index.php/jspi","Journal des Sciences Pour l'Ingénieur","0851-4453",NA,0,"Inactive Title","Senegal"
"559",1428,"https://www.ajol.info/index.php/jis","Journal for Islamic Studies","0257-7062",NA,0,"Inactive Title","South Africa"
"560",1431,"https://www.ajol.info/index.php/joafss","Journal of Agriculture, Forestry and the Social Sciences","1597-0906",NA,0,"Inactive Title","Nigeria"
"561",1432,"https://www.ajol.info/index.php/jacar","Journal of Applied Chemistry and Agricultural Research","1117-2894",NA,0,"Inactive Title","Nigeria"
"562",1433,"https://www.ajol.info/index.php/jbi","Journal of Biomedical Investigation","1597-0043",NA,0,"Inactive Title","Nigeria"
"563",1434,"https://www.ajol.info/index.php/jbld","Journal of Building and Land Development","0856-0501",NA,0,"Inactive Title","Tanzania"
"564",1436,"https://www.ajol.info/index.php/jbr","Journal of Business Research","0148-2963",NA,0,"Inactive Title","Ghana"
"565",1437,"https://www.ajol.info/index.php/jcerp","Journal of Civil Engineering Research and Practice","1729-5769",NA,0,"Inactive Title","Kenya"
"566",1438,"https://www.ajol.info/index.php/jce","Journal of Civil Engineering, JKUAT","1562-6121",NA,0,"Inactive Title","Kenya"
"567",1439,"https://www.ajol.info/index.php/jcs","Journal of Cultural Studies","1595-0956",NA,0,"Inactive Title","Nigeria"
"568",1440,"https://www.ajol.info/index.php/jext","Journal of Environmental Extension","1595-5125",NA,0,"Inactive Title","Nigeria"
"569",1441,"https://www.ajol.info/index.php/jemp","Journal of Ethiopian Medical Practice","1560-1560",NA,0,"Inactive Title","Ethiopia"
"570",1444,"https://www.ajol.info/index.php/jhvs","Journal of Health and Visual Sciences",NA,NA,0,"Inactive Title","Nigeria"
"571",1446,"https://www.ajol.info/index.php/jlisa","Journal of Librarianship and Information Science in Africa","1595-8922",NA,0,"Inactive Title","Nigeria"
"572",1447,"https://www.ajol.info/index.php/jomip","Journal of Medical Investigation and Practice","2787-0170","2787-0162",0,"Inactive Title","Nigeria"
"573",1448,"https://www.ajol.info/index.php/jmls","Journal of Medical Laboratory Science","1116-1043",NA,0,"Inactive Title","Nigeria"
"574",1449,"https://www.ajol.info/index.php/jmms","Journal of Medicine and Medical Sciences","1119-3999",NA,0,"Inactive Title","Nigeria"
"575",1450,"https://www.ajol.info/index.php/jmt","Journal of Medicine in the Tropics","2276-7096",NA,0,"Inactive Title","Nigeria"
"576",1451,"https://www.ajol.info/index.php/jmg","Journal of Mining and Geology","1116-2775",NA,0,"Inactive Title","Nigeria"
"577",1452,"https://www.ajol.info/index.php/jmdmes","Journal of Modeling, Design and Management of Engineering Systems","1596-3497",NA,0,"Inactive Title","Nigeria"
"578",1453,"https://www.ajol.info/index.php/jogeca","Journal of Obstetrics and Gynaecology of Eastern and Central Africa",NA,"1012-8867",0,"Inactive Title","Kenya"
"579",1455,"https://www.ajol.info/index.php/jpa","Journal of Psychology in Africa","1433-0237",NA,0,"Inactive Title","South Africa"
"580",1456,"https://www.ajol.info/index.php/jost","Journal of Science and Technology (Zambia)","1027-4928",NA,0,"Inactive Title","Zambia"
"581",1458,"https://www.ajol.info/index.php/joten","Journal of Technology and Education in Nigeria","1118-5570",NA,0,"Inactive Title","Nigeria"
"582",1460,"https://www.ajol.info/index.php/jgsa","Journal of the Ghana Science Association","0855-3823",NA,0,"Inactive Title","Ghana"
"583",1461,"https://www.ajol.info/index.php/jonamp","Journal of the Nigerian Association of Mathematical Physics","1116-4336",NA,0,"Inactive Title","Nigeria"
"584",1462,"https://www.ajol.info/index.php/jnica","Journal of the Nigerian Infection Control Association","1119-1716",NA,0,"Inactive Title","Nigeria"
"585",1463,"https://www.ajol.info/index.php/ifemed","Journal of the Obafemi Awolowo University Medical Student's Association (IFEMED)","0331-3727",NA,0,"Inactive Title","Nigeria"
"586",1464,"https://www.ajol.info/index.php/jtmb","Journal of Tropical Microbiology and Biotechnology","1607-4106",NA,0,"Inactive Title","Kenya"
"587",1466,"https://www.ajol.info/index.php/kenvet","Kenya Veterinarian","0256-5161",NA,0,"Inactive Title","Kenya"
"588",1467,"https://www.ajol.info/index.php/lhr","Lagos Historical Review","1596-5031",NA,0,"Inactive Title","Nigeria"
"589",1469,"https://www.ajol.info/index.php/lbsmr","LBS Management Review","1118-3713",NA,0,"Inactive Title","Nigeria"
"590",1471,"https://www.ajol.info/index.php/mc","Mathematics Connection","0855-4706",NA,0,"Inactive Title","Ghana"
"591",1472,"https://www.ajol.info/index.php/mjar","Moor Journal of Agricultural Research","1595-4153",NA,0,"Inactive Title","Nigeria"
"592",1473,"https://www.ajol.info/index.php/nejmi","New Egyptian Journal of Microbiology","1687-1219",NA,0,"Inactive Title","Egypt, Arab Rep."
"593",1474,"https://www.ajol.info/index.php/njbm","Nigeria Journal of Business Administration","0794-067X",NA,0,"Inactive Title","Nigeria"
"594",1476,"https://www.ajol.info/index.php/nep","Nigerian Endocrine Practice",NA,"2251-0362",0,"Inactive Title","Nigeria"
"595",1477,"https://www.ajol.info/index.php/njap","Nigerian Journal of Animal Production","0331-2062",NA,0,"Inactive Title","Nigeria"
"596",1478,"https://www.ajol.info/index.php/njccp","Nigerian Journal of Clinical and Counselling Psychology","1118-4035",NA,0,"Inactive Title","Nigeria"
"597",1479,"https://www.ajol.info/index.php/njf","Nigerian Journal of Fisheries","1597-443X",NA,0,"Inactive Title","Nigeria"
"598",1481,"https://www.ajol.info/index.php/njg","Nigerian Journal of Genetics","0189-9686",NA,0,"Inactive Title","Nigeria"
"599",1482,"https://www.ajol.info/index.php/njhbs","Nigerian Journal of Health and Biomedical Sciences","1595-8272",NA,0,"Inactive Title","Nigeria"
"600",1483,"https://www.ajol.info/index.php/njotra","Nigerian Journal of Orthopaedics and Trauma","1596-4582",NA,0,"Inactive Title","Nigeria"
"601",1484,"https://www.ajol.info/index.php/njorl","Nigerian Journal of Otorhinolaryngology",NA,NA,0,"Inactive Title","Nigeria"
"602",1485,"https://www.ajol.info/index.php/njphy","Nigerian Journal of Physics","1595-0611",NA,0,"Inactive Title","Nigeria"
"603",1486,"https://www.ajol.info/index.php/njpsur","Nigerian Journal of Plastic Surgery","0794-9316",NA,0,"Inactive Title","Nigeria"
"604",1487,"https://www.ajol.info/index.php/njpm","Nigerian Journal of Postgraduate Medicine","2006-8530",NA,0,"Inactive Title","Nigeria"
"605",1488,"https://www.ajol.info/index.php/njser","Nigerian Journal of Soil and Environmental Research","1595-6121",NA,0,"Inactive Title","Nigeria"
"606",1489,"https://www.ajol.info/index.php/njss","Nigerian Journal of Soil Science",NA,NA,0,"Inactive Title","Nigeria"
"607",1491,"https://www.ajol.info/index.php/njssci","Nigerian Journal of Surgical Sciences","1116-5898",NA,0,"Inactive Title","Nigeria"
"608",1492,"https://www.ajol.info/index.php/nmr","Nigerian Music Review","1116-428X",NA,0,"Inactive Title","Nigeria"
"609",1493,"https://www.ajol.info/index.php/nqjhm","Nigerian Quarterly Journal of Hospital Medicine","0189-2657",NA,0,"Inactive Title","Nigeria"
"610",1494,"https://www.ajol.info/index.php/oye","OYE: Ogun Journal of Arts","0795-9478",NA,0,"Inactive Title","Nigeria"
"611",1496,"https://www.ajol.info/index.php/pp","Philosophical Papers","0556-8641",NA,0,"Inactive Title","South Africa"
"612",1497,"https://www.ajol.info/index.php/pprj","Plant Products Research Journal","1119-2283",NA,0,"Inactive Title","Nigeria"
"613",1499,"https://www.ajol.info/index.php/rosas","Review of Southern African Studies","1024-4190",NA,0,"Inactive Title","Lesotho"
"614",1500,"https://www.ajol.info/index.php/rbd","Revue Burkinabè de droit","0773-8439",NA,0,"Inactive Title","Burkina Faso"
"615",1501,"https://www.ajol.info/index.php/rist","Revue d'Information Scientifique et Technique","1111-0015",NA,0,"Inactive Title","Algeria"
"616",1502,"https://www.ajol.info/index.php/rmp","Revue de Médecine et de Pharmacie","2410-8936","2226-2903",0,"Inactive Title","Cameroon"
"617",1504,"https://www.ajol.info/index.php/safere","SAFERE: Southern African Feminist Review","1024-9451",NA,0,"Inactive Title","Zimbabwe"
"618",1505,"https://www.ajol.info/index.php/sjvs","Sahel Journal of Veterinary Sciences",NA,"1117-6210",0,"Inactive Title","Nigeria"
"619",1506,"https://www.ajol.info/index.php/smj2","Sahel Medical Journal","1118-8561",NA,0,"Inactive Title","Nigeria"
"620",1509,"https://www.ajol.info/index.php/smedj","Scientific Medical Journal","1110-5607",NA,0,"Inactive Title","Egypt, Arab Rep."
"621",1510,"https://www.ajol.info/index.php/smj","Securities Market Journal","0189-9759",NA,0,"Inactive Title","Nigeria"
"622",1511,"https://www.ajol.info/index.php/sophia","Sophia: An African Journal of Philosophy","1119-443X",NA,0,"Inactive Title","Nigeria"
"623",1512,"https://www.ajol.info/index.php/sajb","South African Journal of Botany","0254-6299",NA,0,"Inactive Title","South Africa"
"624",1513,"https://www.ajol.info/index.php/sajch","South African Journal of Cultural History","1011-3053",NA,0,"Inactive Title","South Africa"
"625",1514,"https://www.ajol.info/index.php/sajhe","South African Journal of Higher Education","1011-3487",NA,0,"Inactive Title","South Africa"
"626",1515,"https://www.ajol.info/index.php/sajpem","South African Journal of Philosophy","0258-0136",NA,0,"Inactive Title","South Africa"
"627",1516,"https://www.ajol.info/index.php/sajps","South African Journal of Plant and Soil","2167-034X","0257-1862",0,"Inactive Title","South Africa"
"628",1519,"https://www.ajol.info/index.php/sset","Sud Sciences et Technologies","0796-5419",NA,0,"Inactive Title","Burkina Faso"
"629",1520,"https://www.ajol.info/index.php/sjd","Sudanese Journal of Dermatology","1815-3941",NA,0,"Inactive Title","Sudan"
"630",1521,"https://www.ajol.info/index.php/tmj","Tanzania Medical Journal","0856-0714",NA,0,"Inactive Title","Tanzania"
"631",1522,"https://www.ajol.info/index.php/ta","Technologies Avancées","1111-0902",NA,0,"Inactive Title","Algeria"
"632",1524,"https://www.ajol.info/index.php/tzsa","Transactions of the Zimbabwe Scientific Association","0254-2765",NA,0,"Inactive Title","Zimbabwe"
"633",1525,"https://www.ajol.info/index.php/tjmr","Tropical Journal of Medical Research","1119-0388",NA,0,"Inactive Title","Nigeria"
"634",1526,"https://www.ajol.info/index.php/uj","Uganda Journal","0041-574X",NA,0,"Inactive Title","Uganda"
"635",1527,"https://www.ajol.info/index.php/uniswa","UNISWA Journal of Agriculture","1021-0873",NA,0,"Inactive Title","Eswatini"
"636",1528,"https://www.ajol.info/index.php/uniswa-rjast","UNISWA Research Journal of Agriculture, Science and Technology","1029-9645",NA,0,"Inactive Title","Eswatini"
"637",1531,"https://www.ajol.info/index.php/wajr","West African Journal of Radiology","1115-3474",NA,0,"Inactive Title","Nigeria"
"638",1533,"https://www.ajol.info/index.php/zjh","Zambezia: The Journal of Humanities of the University of Zimbabwe","0379-0622",NA,0,"Inactive Title","Zimbabwe"
"639",1536,"https://www.ajol.info/index.php/zsn","Zimbabwe Science News","1016-1503",NA,0,"Inactive Title","Zimbabwe"
"640",1558,"https://www.ajol.info/index.php/asumsaj","Abia State University Medical Students' Association Journal","0794-6961",NA,0,"No Stars","Nigeria"
"641",1561,"https://www.ajol.info/index.php/ai","Africa Insight","1995-641X","0256-2804",0,"No Stars","South Africa"
"642",1572,"https://www.ajol.info/index.php/ajlex","African Journal of Livestock Extension","1596-4019",NA,0,"No Stars","Nigeria"
"643",1575,"https://www.ajol.info/index.php/ajps","African Journal of Political Science","1027-0353",NA,0,"No Stars","South Africa"
"644",1577,"https://www.ajol.info/index.php/ajthf","African Journal of Tropical Hydrobiology and Fisheries","0002-0036",NA,0,"No Stars","Uganda"
"645",1588,"https://www.ajol.info/index.php/asab","Annales des Sciences Agronomiques","1659-5009",NA,0,"No Stars","Benin"
"646",1590,"https://www.ajol.info/index.php/bdujl","Bahir Dar University Journal of Law","2709-5827","2306-224X",0,"No Stars","Ethiopia"
"647",1594,"https://www.ajol.info/index.php/bahpa","Bulletin of Animal Health and Production in Africa","0378-9721",NA,0,"No Stars","Kenya"
"648",1595,"https://www.ajol.info/index.php/cajm","Central African Journal of Medicine","0008-9176",NA,0,"No Stars","Zimbabwe"
"649",1596,"https://www.ajol.info/index.php/contjas","Contemporary Journal of African Studies",NA,"2343-6530",0,"No Stars","Ghana"
"650",1601,"https://www.ajol.info/index.php/eassrr","Eastern Africa Social Science Research Review","1684-4173","1027-1775",0,"No Stars","Ethiopia"
"651",1602,"https://www.ajol.info/index.php/ejbmb","Egyptian Journal of Biochemistry and Molecular Biology","1687-1502",NA,0,"No Stars","Egypt, Arab Rep."
"652",1604,"https://www.ajol.info/index.php/esa","Ergonomics SA",NA,"1010-2728",0,"No Stars","South Africa"
"653",1611,"https://www.ajol.info/index.php/gab","Gender and Behaviour","1596-9231",NA,0,"No Stars","Nigeria"
"654",1619,"https://www.ajol.info/index.php/ibjhs","Ibadan Journal of Humanistic Studies",NA,"2141-9744",0,"No Stars","Nigeria"
"655",1621,"https://www.ajol.info/index.php/ifep","IFE PsychologIA","1117-1421",NA,0,"No Stars","Nigeria"
"656",1622,"https://www.ajol.info/index.php/indilinga","Indilinga: African Journal of Indigenous Knowledge Systems","1683-0296",NA,0,"No Stars","South Africa"
"657",1630,"https://www.ajol.info/index.php/jrsul","Journal de la Recherche Scientifique de l’Université de Lomé","2413-354X","1727-8651",0,"No Stars","Togo"
"658",1631,"https://www.ajol.info/index.php/jard","Journal of Agricultural Research and Development","1596-5511",NA,0,"No Stars","Nigeria"
"659",1636,"https://www.ajol.info/index.php/jas","Journal of Aquatic Sciences","0189-8779",NA,0,"No Stars","Nigeria"
"660",1639,"https://www.ajol.info/index.php/jeanh","Journal of East African Natural History","1026-1613","0012-8317",0,"No Stars","Kenya"
"661",1640,"https://www.ajol.info/index.php/jef","Journal of Educational Foundations",NA,"1119-9210",0,"No Stars","Nigeria"
"662",1646,"https://www.ajol.info/index.php/jophas","Journal of Pharmaceutical and Allied Sciences","1596-8499",NA,0,"No Stars","Nigeria"
"663",1649,"https://www.ajol.info/index.php/jorind","Journal of Research in National Development","1596-8308",NA,0,"No Stars","Nigeria"
"664",1650,"https://www.ajol.info/index.php/jsda","Journal of Social Development in Africa","1726-3700","1012-1080",0,"No Stars","Zimbabwe"
"665",1655,"https://www.ajol.info/index.php/marang","Marang: Journal of Language and Literature","1816-7659",NA,0,"No Stars","Botswana"
"666",1666,"https://www.ajol.info/index.php/njeh","Nigerian Journal of Economic History",NA,NA,0,"No Stars","Nigeria"
"667",1668,"https://www.ajol.info/index.php/njfp","Nigerian Journal of Family Practice",NA,"2141-9884",0,"No Stars","Nigeria"
"668",1669,"https://www.ajol.info/index.php/njnpm","Nigerian Journal of Natural Products and Medicine","1118-6267",NA,0,"No Stars","Nigeria"
"669",1670,"https://www.ajol.info/index.php/njpsyc","Nigerian Journal of Psychiatry","0189-1774",NA,0,"No Stars","Nigeria"
"670",1671,"https://www.ajol.info/index.php/njtr","Nigerian Journal of Technological Research",NA,"0795-5111",0,"No Stars","Nigeria"
"671",1672,"https://www.ajol.info/index.php/nmp","Nigerian Medical Practitioner","0189-0964",NA,0,"No Stars","Nigeria"
"672",1673,"https://www.ajol.info/index.php/nslj","Nigerian School Library Journal",NA,"0331-8214",0,"No Stars","Nigeria"
"673",1676,"https://www.ajol.info/index.php/ogf","Obstetrics and Gynaecology Forum","1027-9148","1029-1962",0,"No Stars","South Africa"
"674",1680,"https://www.ajol.info/index.php/sjmrp","Savannah Journal of Medical Research and Practice",NA,"2276-6839",0,"No Stars","Nigeria"
"675",1683,"https://www.ajol.info/index.php/sisa","Shakespeare in Southern Africa","2071-7504","1011-582X",0,"No Stars","South Africa"
"676",1684,"https://www.ajol.info/index.php/sagr","South African Gastroenterology Review","1812-1659",NA,0,"No Stars","South Africa"
"677",1688,"https://www.ajol.info/index.php/tfb","Tropical Freshwater Biology","0795-0101",NA,0,"No Stars","Nigeria"
"678",1689,"https://www.ajol.info/index.php/tjhc","Tropical Journal of Health Sciences","1117-4153",NA,0,"No Stars","Nigeria"
"679",1696,"https://www.ajol.info/index.php/wajpdr","West African Journal of Pharmacology and Drug Research","0303-691X",NA,0,"No Stars","Nigeria"
"680",1698,"https://www.ajol.info/index.php/zvj","Zimbabwe Veterinary Journal","1016-1511",NA,0,"No Stars","Zimbabwe"
"681",1703,"https://www.ajol.info/index.php/anmed","Annals of Nigerian Medicine","0331-3131",NA,0,"Pending","Nigeria"
"682",1705,"https://www.ajol.info/index.php/cajeb","Cameroon Journal of Experimental Biology","1816-0573",NA,0,"Pending","Cameroon"
"683",1709,"https://www.ajol.info/index.php/jaset","Journal of Applied Science, Engineering and Technology","1596-3233",NA,0,"Pending","Nigeria"
"684",1712,"https://www.ajol.info/index.php/janm","Journal of the Association of Nigerian Musicologists","1597-0590",NA,0,"Pending","Nigeria"
"685",1714,"https://www.ajol.info/index.php/ksh","Kiswahili","0023-1886",NA,0,"Pending","Tanzania"
"686",1715,"https://www.ajol.info/index.php/ljlis","Lagos Journal of Library and Information Science","1596-9487",NA,0,"Pending","Nigeria"
"687",1718,"https://www.ajol.info/index.php/mtafiti","Mtafiti Mwafrika (African Researcher)","1607-0011",NA,0,"Pending","Uganda"
"688",1720,"https://www.ajol.info/index.php/nifoj","Nigerian Food Journal","0189-7241",NA,0,"Pending","Nigeria"
"689",1721,"https://www.ajol.info/index.php/nhp","Nigerian Hospital Practice","1597-7889",NA,0,"Pending","Nigeria"
"690",1723,"https://www.ajol.info/index.php/njhs","Nigerian Journal of Horticultural Science","1118-2733",NA,0,"Pending","Nigeria"
"691",1724,"https://www.ajol.info/index.php/njns","Nigerian Journal of Nutritional Sciences","2805-4008","0189-0913",0,"Pending","Nigeria"
"692",1726,"https://www.ajol.info/index.php/jnla","Nigerian Libraries","0029-0122",NA,0,"Pending","Nigeria"
"693",1727,"https://www.ajol.info/index.php/stss","Science et Technique, Sciences de la Santé",NA,"1011-6028",0,"Pending","Burkina Faso"
"694",1729,"https://www.ajol.info/index.php/tjds","Tanzania Journal of Development Studies","2591-6831","0856-9622",0,"Pending","Tanzania"
"695",1731,"https://www.ajol.info/index.php/tv","Tropical Veterinarian","0794-4845",NA,0,"Pending","Nigeria"
"696",1733,"https://www.ajol.info/index.php/merj","Management & Economics Research Journal","2710-8856","2676-184X",0,"Ceased","Algeria"
"697",1372,"https://www.ajol.info/index.php/ajnt","Arab Journal of Nephrology and Transplantation","1858-554X","1858-554X",1,"Inactive Title","Sudan"
"698",1656,"https://www.ajol.info/index.php/mjz","Medical Journal of Zambia",NA,"0047-651X",1,"No Stars","Zambia"
"699",1429,"https://www.ajol.info/index.php/jjs","Journal for Juridical Science",NA,"0258-252X",0,"Inactive Title","South Africa"
"700",1470,"https://www.ajol.info/index.php/msjm","Mary Slessor Journal of Medicine",NA,"1119-409X",0,"Inactive Title","Nigeria"
"701",1713,"https://www.ajol.info/index.php/kcl","Kioo cha Lugha","0856-552X","0856-552X",0,"Pending","Tanzania"
"702",1566,"https://www.ajol.info/index.php/ajbr","African Journal of Biomedical Research",NA,"1119-5096",1,"No Stars","Nigeria"
"703",1569,"https://www.ajol.info/index.php/ajdas","African Journal of Drug and Alcohol Studies","1531-4065",NA,1,"No Stars","Nigeria"
"704",1356,"https://www.ajol.info/index.php/ajem","African Journal of Endocrinology and Metabolism","1116-6495","1116-6495",1,"Inactive Title","Nigeria"
"705",1011,"https://www.ajol.info/index.php/ajest","African Journal of Environmental Science and Technology","1996-0786","1996-0786",1,"1 Star","Nigeria"
"706",1704,"https://www.ajol.info/index.php/aps","Annals of Pediatric Surgery",NA,"1687-4137",1,"Pending","Egypt, Arab Rep."
"707",1592,"https://www.ajol.info/index.php/bajopas","Bayero Journal of Pure and Applied Sciences",NA,"2006-6996",1,"No Stars","Nigeria"
"708",1374,"https://www.ajol.info/index.php/bjpm","Benin Journal of Postgraduate Medicine",NA,"0795-0268",1,"Inactive Title","Nigeria"
"709",1376,"https://www.ajol.info/index.php/boje","Botswana Journal of Economics",NA,"1810-0163",1,"Inactive Title","Botswana"
"710",1386,"https://www.ajol.info/index.php/dmsj","Dar Es Salaam Medical Students' Journal",NA,"0856-7212",1,"Inactive Title","Tanzania"
"711",1599,"https://www.ajol.info/index.php/eaoj","East African Orthopaedic Journal",NA,"1994-1072",1,"No Stars","Kenya"
"712",1394,"https://www.ajol.info/index.php/ejc","Edo Journal of Counselling",NA,"2006-7593",1,"Inactive Title","Nigeria"
"713",1707,"https://www.ajol.info/index.php/fje","FUTY Journal of the Environment",NA,"1597-8826",1,"Pending","Nigeria"
"714",1612,"https://www.ajol.info/index.php/gjds","Ghana Journal of Development Studies",NA,"0855-6768",1,"No Stars","Ghana"
"715",1405,"https://www.ajol.info/index.php/gjcm","Global Journal of Community Medicine","1597-9857","1597-9857",1,"Inactive Title","Nigeria"
"716",1629,"https://www.ajol.info/index.php/jjm","Jos Journal of Medicine",NA,"2006-0734",1,"No Stars","Nigeria"
"717",1548,"https://www.ajol.info/index.php/jipit","Journal for Intellectual Property and Information Technology","2788-6727",NA,1,"New Title","Kenya"
"718",1435,"https://www.ajol.info/index.php/jbas","Journal of Business and Administrative Studies",NA,"2077-3420",1,"Inactive Title","Ethiopia"
"719",1711,"https://www.ajol.info/index.php/jssd","Journal of Science and Sustainable Development","2070-1748","2070-1748",1,"Pending","Uganda"
"720",1457,"https://www.ajol.info/index.php/jstcr","Journal of Surgical Technique and Case Report",NA,"2006-8808",1,"Inactive Title","Nigeria"
"721",1459,"https://www.ajol.info/index.php/jema","Journal of the Eritrean Medical Association",NA,"1998-6017",1,"Inactive Title","Eritrea"
"722",1651,"https://www.ajol.info/index.php/jnoa","Journal of the Nigerian Optometric Association",NA,"0795-0039",1,"No Stars","Nigeria"
"723",1652,"https://www.ajol.info/index.php/ldd","Law, Democracy & Development","2077-4907","2077-4907",1,"No Stars","South Africa"
"724",1682,"https://www.ajol.info/index.php/sa","Scientia Africana","1118-1931","1118-1931",1,"No Stars","Nigeria"
"725",1169,"https://www.ajol.info/index.php/sljbr","Sierra Leone Journal of Biomedical Research",NA,"2076-6270",1,"1 Star","Sierra Leone"
"726",1162,"https://www.ajol.info/index.php/racs","Revue Africaine de Chirurgie et Spécialités",NA,"1997-3756",0,"1 Star","Cameroon"
"727",1265,"https://www.ajol.info/index.php/hjlcs","Hybrid Journal of Literary and Cultural Studies","2707-2169","2707-2169",0,"2 Stars","Kenya"
"728",1381,"https://www.ajol.info/index.php/cjlis","Communicate: Journal of Library and Information Science","1115-2664","1115-2664",0,"Inactive Title","Nigeria"
"729",1445,"https://www.ajol.info/index.php/jhds","Journal of History and Diplomatic Studies",NA,"1597-3778",0,"Inactive Title","Nigeria"
"730",1468,"https://www.ajol.info/index.php/lnr","Lagos Notes and Records",NA,"0075-7640",0,"Inactive Title","Nigeria"
"731",1480,"https://www.ajol.info/index.php/njgp","Nigerian Journal of General Practice",NA,"1118-4647",0,"Inactive Title","Nigeria"
"732",1498,"https://www.ajol.info/index.php/rrias","Research Review of the Institute of African Studies",NA,"0855-4412",0,"Inactive Title","Ghana"
"733",1532,"https://www.ajol.info/index.php/zjohs","Zagazig Journal of Occupational Health and Safety",NA,"1687-8671",0,"Inactive Title","Egypt, Arab Rep."
"734",1535,"https://www.ajol.info/index.php/zjts","Zimbabwe Journal of Technological Sciences",NA,"2079-8997",0,"Inactive Title","Zimbabwe"
"735",1564,"https://www.ajol.info/index.php/ajasss","African Journal of Accounting and Social Science Studies",NA,"2591-6815",0,"No Stars","Tanzania"
"736",1565,"https://www.ajol.info/index.php/ajaic","African Journal of Anaesthesia and Intensive Care",NA,"0794-2184",0,"No Stars","Nigeria"
"737",1637,"https://www.ajol.info/index.php/jcsia","Journal of Computer Science and Its Application",NA,"2006-5523",0,"No Stars","Nigeria"
"738",1665,"https://www.ajol.info/index.php/njcm","Nigerian Journal of Clinical Medicine","2141-1123",NA,0,"No Stars","Nigeria"
"739",1678,"https://www.ajol.info/index.php/rmuj","Regional Maritime University Journal",NA,"2026-6324",0,"No Stars","Ghana"
